gene,Score,p,qvalue
BAP1,1.0,0.0,0.0
ESR1,1.0,0.0,0.0
EIF1B,1.0,0.0,0.0
EP300,1.0,0.0,0.0
SF3B1,1.0,0.0,0.0
GNA11,1.0,0.0,0.0
GNAQ,1.0,0.0,0.0
PLCB4,0.99999976,0.006419400855920077,0.9593152639087024
CYSLTR2,0.9999993,0.007845934379457908,0.9593152639087024
CAND1,0.99999917,0.00855920114122688,0.9593152639087024
EIF1AX,0.99999905,0.00855920114122688,0.9593152639087024
HUWE1,0.9999987,0.00927246790299574,0.9593152639087024
CCDC8,0.9999975,0.00927246790299574,0.9593152639087024
CUL7,0.9999902,0.011412268188302432,0.9593152639087024
CDH4,0.99998736,0.011412268188302432,0.9593152639087024
PPP2R1A,0.9999769,0.012838801711840264,0.9593152639087024
OBSL1,0.9999753,0.012838801711840264,0.9593152639087024
ITGA4,0.99997485,0.012838801711840264,0.9593152639087024
SMARCA4,0.9999448,0.014978601997146956,0.9593152639087024
JAK1,0.99993455,0.014978601997146956,0.9593152639087024
SETD2,0.9999275,0.014978601997146956,0.9593152639087024
TRAF2,0.9998907,0.016405135520684788,0.9593152639087024
ARID1B,0.9998796,0.016405135520684788,0.9593152639087024
ATXN1,0.9998307,0.01711840228245365,0.9593152639087024
MUC4,0.99981934,0.01711840228245365,0.9593152639087024
EWSR1,0.9997569,0.0199714693295292,0.9882651883863388
HDAC5,0.9996996,0.020684736091298173,0.9882651883863388
PRKDC,0.9996731,0.022111269614836004,0.9882651883863388
CBL,0.9996642,0.022824536376604865,0.9882651883863388
B3GAT3,0.99966,0.022824536376604865,0.9882651883863388
FUS,0.9996424,0.023537803138373725,0.9882651883863388
HERC2,0.99962616,0.024251069900142697,0.9882651883863388
HTT,0.9996092,0.024251069900142697,0.9882651883863388
ITPR1,0.99952006,0.02639087018544939,0.9882651883863388
AHI1,0.9995173,0.02639087018544939,0.9882651883863388
FBXW7,0.9995117,0.02639087018544939,0.9882651883863388
FBLN2,0.9994729,0.02710413694721825,0.9882651883863388
NOTCH2,0.9993728,0.02924393723252494,0.9882651883863388
SYNE1,0.9993556,0.02924393723252494,0.9882651883863388
NPHP3,0.99929,0.029957203994293913,0.9882651883863388
MTOR,0.99921906,0.032097004279600605,0.9882651883863388
ACTB,0.9991897,0.032810271041369465,0.9882651883863388
ALG1,0.99902153,0.03566333808844513,0.9882651883863388
PER1,0.9988952,0.03566333808844513,0.9882651883863388
DTNA,0.99876803,0.03566333808844513,0.9882651883863388
COL9A1,0.9987612,0.03566333808844513,0.9882651883863388
UBR5,0.9986463,0.03708987161198285,0.9882651883863388
TP63,0.99833184,0.03922967189728965,0.9882651883863388
PCCA,0.99817777,0.041369472182596345,0.9882651883863388
NFE2L2,0.9981148,0.041369472182596345,0.9882651883863388
MYH9,0.9977264,0.042796005706134066,0.9882651883863388
RUNX1,0.99758554,0.04493580599144076,0.9882651883863388
GIT1,0.9975841,0.04493580599144076,0.9882651883863388
ZBTB11,0.99721366,0.04778887303851642,0.9882651883863388
PPP2R5D,0.9970445,0.049215406562054254,0.9882651883863388
FLNA,0.9969536,0.049215406562054254,0.9882651883863388
MYCBPAP,0.99678457,0.049928673323823114,0.9882651883863388
FAM198B,0.9966994,0.049928673323823114,0.9882651883863388
MAOB,0.9964114,0.051355206847360946,0.9882651883863388
MAP7D2,0.9964014,0.051355206847360946,0.9882651883863388
CACNA1D,0.99618846,0.05349500713266764,0.9882651883863388
BCOR,0.9961552,0.05349500713266764,0.9882651883863388
PPARD,0.995998,0.0542082738944365,0.9882651883863388
STYXL1,0.9958692,0.05563480741797433,0.9882651883863388
STK11IP,0.99567175,0.05706134094151216,0.9882651883863388
OPRM1,0.99549013,0.058487874465049994,0.9882651883863388
UNC5C,0.9954846,0.058487874465049994,0.9882651883863388
GNB1,0.9952655,0.059201141226818854,0.9882651883863388
PADI2,0.9945363,0.06205420827389441,0.9882651883863388
DENND3,0.9944419,0.06205420827389441,0.9882651883863388
APC,0.9934528,0.06562054208273893,0.9882651883863388
NEDD4,0.9930629,0.06776034236804562,0.9882651883863388
ARSJ,0.9930341,0.0684736091298146,0.9882651883863388
HCN4,0.9923011,0.07061340941512129,0.9882651883863388
ERCC2,0.992255,0.07132667617689015,0.9882651883863388
GTF2E2,0.99217457,0.07132667617689015,0.9882651883863388
NR3C1,0.9921588,0.07132667617689015,0.9882651883863388
MAGED1,0.9915699,0.07203994293865912,0.9882651883863388
CHST2,0.9915172,0.07203994293865912,0.9882651883863388
MDN1,0.9911521,0.07417974322396581,0.9882651883863388
IRAK3,0.99112684,0.07417974322396581,0.9882651883863388
NCOA6,0.9911011,0.07489300998573467,0.9882651883863388
FGFR2,0.99036074,0.07917261055634806,0.9882651883863388
PTPRB,0.990231,0.08059914407988589,0.9882651883863388
ATP2C2,0.9898846,0.08273894436519258,0.9882651883863388
TNPO1,0.98981184,0.08273894436519258,0.9882651883863388
PDE4D,0.98921424,0.08559201141226824,0.9882651883863388
GMEB2,0.9889732,0.08701854493580596,0.9882651883863388
PARD3,0.98891664,0.08701854493580596,0.9882651883863388
SLC7A2,0.9889158,0.08701854493580596,0.9882651883863388
PKHD1L1,0.98885417,0.08701854493580596,0.9882651883863388
WDR47,0.9887427,0.08701854493580596,0.9882651883863388
CLCN5,0.9881132,0.0884450784593438,0.9882651883863388
NEB,0.98781073,0.08915834522111266,0.9882651883863388
FBXL13,0.98754287,0.08915834522111266,0.9882651883863388
DSCAML1,0.98720676,0.09129814550641946,0.9882651883863388
ZNF836,0.9869348,0.09201141226818832,0.9882651883863388
MBP,0.98690736,0.09201141226818832,0.9882651883863388
LRPPRC,0.98672444,0.09201141226818832,0.9882651883863388
SRRM2,0.9865175,0.09415121255349501,0.9882651883863388
CACNA1A,0.98645604,0.09415121255349501,0.9882651883863388
STK4,0.986426,0.09415121255349501,0.9882651883863388
PVRL1,0.9861618,0.09557774607703284,0.9882651883863388
DENND6A,0.9859638,0.0962910128388017,0.9882651883863388
DYNC1H1,0.9858439,0.0962910128388017,0.9882651883863388
TTBK1,0.9857405,0.0962910128388017,0.9882651883863388
CDC27,0.9856522,0.0962910128388017,0.9882651883863388
ZFHX3,0.98553455,0.0962910128388017,0.9882651883863388
MED12,0.9848387,0.09914407988587737,0.9882651883863388
MAN1A1,0.9848343,0.09914407988587737,0.9882651883863388
EIF5A,0.98470426,0.09914407988587737,0.9882651883863388
NDUFA5,0.98439467,0.09914407988587737,0.9882651883863388
PMPCA,0.9841291,0.10057061340941509,0.9882651883863388
GLI2,0.9841225,0.10057061340941509,0.9882651883863388
NLRC5,0.9840984,0.10057061340941509,0.9882651883863388
ITPR3,0.98361486,0.10271041369472189,0.9882651883863388
SQSTM1,0.98355377,0.10271041369472189,0.9882651883863388
OR2B2,0.9833513,0.10271041369472189,0.9882651883863388
YAP1,0.98319256,0.10342368045649075,0.9882651883863388
NEDD9,0.9828577,0.10485021398002858,0.9882651883863388
HOXA4,0.9826499,0.10770328102710414,0.9882651883863388
PRPF8,0.9819693,0.11126961483594866,0.9882651883863388
PPP6R2,0.98170024,0.11340941512125535,0.9882651883863388
PTPN21,0.9810033,0.11340941512125535,0.9882651883863388
LIPI,0.98089707,0.11340941512125535,0.9882651883863388
TADA3,0.98087615,0.11340941512125535,0.9882651883863388
MUC16,0.980368,0.11626248216833102,0.9882651883863388
GRM6,0.9800756,0.11626248216833102,0.9882651883863388
PDGFRA,0.9793632,0.11982881597717543,0.9882651883863388
RABL6,0.979112,0.11982881597717543,0.9882651883863388
TWF2,0.9790452,0.11982881597717543,0.9882651883863388
FXR2,0.97869796,0.12196861626248223,0.9882651883863388
CHAT,0.97858846,0.12196861626248223,0.9882651883863388
OTUD4,0.9783447,0.12196861626248223,0.9882651883863388
KNDC1,0.9782598,0.12196861626248223,0.9882651883863388
ITGA2,0.9782422,0.12196861626248223,0.9882651883863388
RGS12,0.9781618,0.12268188302425109,0.9882651883863388
CHD5,0.97798187,0.12268188302425109,0.9882651883863388
GPATCH8,0.97776836,0.12482168330955778,0.9882651883863388
IGFBP3,0.9776764,0.12553495007132665,0.9882651883863388
TNFRSF1A,0.97739047,0.12696148359486448,0.9882651883863388
SLIT3,0.9772159,0.12767475035663345,0.9882651883863388
MTNR1B,0.97546935,0.1326676176890157,0.9882651883863388
NBN,0.97493523,0.13338088445078455,0.9882651883863388
COX16,0.9748502,0.13338088445078455,0.9882651883863388
SALL3,0.97425663,0.13409415121255353,0.9882651883863388
E2F7,0.9740416,0.13409415121255353,0.9882651883863388
TPCN1,0.9737724,0.13480741797432239,0.9882651883863388
CYTH3,0.97341216,0.13623395149786022,0.9882651883863388
ZNF780A,0.9733617,0.13623395149786022,0.9882651883863388
ROS1,0.97306526,0.13694721825962908,0.9882651883863388
CSMD2,0.97299,0.13694721825962908,0.9882651883863388
GREB1,0.97284734,0.13766048502139805,0.9882651883863388
POLD1,0.97189754,0.13980028530670474,0.9882651883863388
TMTC1,0.97079414,0.14194008559201143,0.9882651883863388
CAMTA1,0.9704779,0.14407988587731813,0.9882651883863388
ANO10,0.96980816,0.14550641940085596,0.9882651883863388
PLXND1,0.9691824,0.14621968616262482,0.9882651883863388
KL,0.9686322,0.14907275320970048,0.9882651883863388
MYH2,0.9680762,0.14978601997146934,0.9882651883863388
WDR66,0.968031,0.14978601997146934,0.9882651883863388
SORCS2,0.96784043,0.14978601997146934,0.9882651883863388
ITPR2,0.96728253,0.1504992867332382,0.9882651883863388
HIRA,0.96724373,0.15121255349500717,0.9882651883863388
WDR7,0.9671623,0.15121255349500717,0.9882651883863388
THOC2,0.9669238,0.152639087018545,0.9882651883863388
ZCCHC2,0.96689457,0.152639087018545,0.9882651883863388
ITGAX,0.9668675,0.152639087018545,0.9882651883863388
KDM3B,0.96671826,0.1547788873038517,0.9882651883863388
DHPS,0.9655666,0.15905848787446508,0.9882651883863388
EPHA5,0.9652583,0.16119828815977177,0.9882651883863388
NLRP3,0.9651961,0.16119828815977177,0.9882651883863388
PPEF1,0.96478236,0.16119828815977177,0.9882651883863388
SMC1A,0.9646457,0.16119828815977177,0.9882651883863388
UBR4,0.96461993,0.16119828815977177,0.9882651883863388
MYBPC2,0.96407586,0.1626248216833096,0.9882651883863388
PCDH10,0.9636064,0.16333808844507847,0.9882651883863388
PTPRU,0.9634611,0.16405135520684733,0.9882651883863388
SZT2,0.9629677,0.16405135520684733,0.9882651883863388
DOCK10,0.96277386,0.1647646219686163,0.9882651883863388
TMC2,0.9624684,0.16547788873038516,0.9882651883863388
MSR1,0.9621348,0.16547788873038516,0.9882651883863388
ZNF629,0.9620405,0.16547788873038516,0.9882651883863388
CELSR1,0.9618704,0.16547788873038516,0.9882651883863388
C16orf62,0.9612768,0.166904422253923,0.9882651883863388
PRRG4,0.96098024,0.166904422253923,0.9882651883863388
SLC28A3,0.9604144,0.16761768901569185,0.9882651883863388
MEN1,0.96020716,0.16833095577746082,0.9882651883863388
ZHX3,0.96018815,0.16833095577746082,0.9882651883863388
FAM13B,0.96013683,0.16833095577746082,0.9882651883863388
KCNMA1,0.9600678,0.16833095577746082,0.9882651883863388
CHD1,0.95999247,0.16833095577746082,0.9882651883863388
QKI,0.9598912,0.16904422253922968,0.9882651883863388
WTIP,0.9597686,0.16904422253922968,0.9882651883863388
ATG2A,0.95971566,0.16904422253922968,0.9882651883863388
ARHGEF19,0.9589874,0.17047075606276751,0.9882651883863388
MAP2,0.9588194,0.17118402282453637,0.9882651883863388
SLC12A7,0.95861095,0.17189728958630535,0.9882651883863388
FES,0.9575399,0.1768901569186876,0.9882651883863388
DOCK3,0.9571703,0.1768901569186876,0.9882651883863388
STAG1,0.9568852,0.17902995720399428,0.9882651883863388
NUP210,0.9568679,0.17902995720399428,0.9882651883863388
LTBP4,0.95686746,0.17902995720399428,0.9882651883863388
MCHR2,0.9566228,0.17974322396576325,0.9882651883863388
PAPPA,0.9561617,0.18045649072753212,0.9882651883863388
SERPINB4,0.9548554,0.18402282453637664,0.9882651883863388
LRRIQ3,0.95480454,0.18402282453637664,0.9882651883863388
CSMD1,0.9545784,0.18402282453637664,0.9882651883863388
TRPM2,0.95448,0.18402282453637664,0.9882651883863388
SHANK1,0.95412445,0.18402282453637664,0.9882651883863388
STIP1,0.9540222,0.18402282453637664,0.9882651883863388
MRAS,0.9539783,0.18402282453637664,0.9882651883863388
PCDHGA6,0.9537449,0.18544935805991447,0.9882651883863388
ABCA7,0.95356876,0.18544935805991447,0.9882651883863388
KIAA1551,0.9531048,0.18830242510699002,0.9882651883863388
ZNF180,0.95256084,0.18972895863052786,0.9882651883863388
SKA3,0.95207995,0.19044222539229672,0.9882651883863388
ARHGEF11,0.9517842,0.19186875891583455,0.9882651883863388
COL12A1,0.95146596,0.1925820256776034,0.9882651883863388
CHST15,0.9510654,0.19329529243937238,0.9882651883863388
PPID,0.9509564,0.19329529243937238,0.9882651883863388
ARHGEF15,0.95091444,0.19329529243937238,0.9882651883863388
CBX5,0.95058626,0.19400855920114124,0.9882651883863388
SLC45A4,0.9501743,0.1947218259629101,0.9882651883863388
PNPLA7,0.94996804,0.19543509272467907,0.9882651883863388
GOLGB1,0.94990164,0.19543509272467907,0.9882651883863388
ITGA5,0.9498341,0.19614835948644793,0.9882651883863388
ZDHHC23,0.9494919,0.19828815977175462,0.9882651883863388
ARAP1,0.94879526,0.20042796005706132,0.9882651883863388
DUSP11,0.9484173,0.20185449358059915,0.9882651883863388
ERBB4,0.94822896,0.20185449358059915,0.9882651883863388
RNF43,0.94821286,0.20185449358059915,0.9882651883863388
FUK,0.9480983,0.202567760342368,0.9882651883863388
NACA2,0.9478728,0.202567760342368,0.9882651883863388
FGF18,0.94752336,0.202567760342368,0.9882651883863388
ATP1A2,0.94699,0.20328102710413698,0.9882651883863388
MEGF8,0.9468344,0.20328102710413698,0.9882651883863388
ACOX1,0.9460438,0.20399429386590584,0.9882651883863388
JPH2,0.945801,0.20542082738944367,0.9882651883863388
IRF2BPL,0.9455232,0.20542082738944367,0.9882651883863388
FBXL17,0.9455032,0.20542082738944367,0.9882651883863388
ELMO2,0.94534546,0.20756062767475036,0.9882651883863388
LRRC15,0.94512635,0.20827389443651922,0.9882651883863388
MUSK,0.9447137,0.20970042796005706,0.9882651883863388
LILRA3,0.9442595,0.21041369472182603,0.9882651883863388
JPH3,0.9436929,0.21255349500713272,0.9882651883863388
ABCA3,0.9436644,0.21255349500713272,0.9882651883863388
ZNF341,0.9435255,0.21255349500713272,0.9882651883863388
GPATCH3,0.94348127,0.21255349500713272,0.9882651883863388
DSCAM,0.9431971,0.21326676176890158,0.9882651883863388
PNLIP,0.943173,0.21326676176890158,0.9882651883863388
RPS25,0.942984,0.21326676176890158,0.9882651883863388
MACF1,0.9427632,0.21398002853067044,0.9882651883863388
LIFR,0.9422492,0.21398002853067044,0.9882651883863388
ROBO1,0.94216084,0.21398002853067044,0.9882651883863388
ALMS1,0.9418217,0.21398002853067044,0.9882651883863388
CTTNBP2NL,0.9417701,0.21398002853067044,0.9882651883863388
TAS1R2,0.94120723,0.2146932952924394,0.9882651883863388
CNTN1,0.9411565,0.2146932952924394,0.9882651883863388
AGO2,0.94100744,0.2146932952924394,0.9882651883863388
USP15,0.94093674,0.2146932952924394,0.9882651883863388
NUP62,0.9408716,0.2146932952924394,0.9882651883863388
SLC4A2,0.9408333,0.2146932952924394,0.9882651883863388
CHIT1,0.94038135,0.21611982881597724,0.9882651883863388
KPNB1,0.94035333,0.21611982881597724,0.9882651883863388
MGAT4B,0.9399308,0.2168330955777461,0.9882651883863388
DNER,0.93956673,0.21968616262482166,0.9882651883863388
SLC34A3,0.9394673,0.21968616262482166,0.9882651883863388
HELZ2,0.9393717,0.21968616262482166,0.9882651883863388
NYX,0.9393153,0.21968616262482166,0.9882651883863388
AOX1,0.93919975,0.22039942938659063,0.9882651883863388
SMARCAD1,0.9380859,0.22396576319543515,0.9882651883863388
FAM214A,0.93773174,0.22539229671897287,0.9882651883863388
ZMAT1,0.9371895,0.2268188302425107,0.9882651883863388
OBSCN,0.936685,0.22753209700427957,0.9882651883863388
DIP2A,0.9365989,0.22753209700427957,0.9882651883863388
SPTBN1,0.93659204,0.22824536376604854,0.9882651883863388
NCAPH,0.9360969,0.22967189728958637,0.9882651883863388
RNF213,0.9360297,0.23038516405135523,0.9882651883863388
PSMB8,0.9359665,0.23038516405135523,0.9882651883863388
MYO7A,0.93579036,0.2310984308131241,0.9882651883863388
FANCA,0.9356317,0.2310984308131241,0.9882651883863388
GPR78,0.93558544,0.2310984308131241,0.9882651883863388
CENPE,0.9351766,0.2310984308131241,0.9882651883863388
WISP1,0.9345113,0.2310984308131241,0.9882651883863388
CCAR1,0.9343333,0.2310984308131241,0.9882651883863388
NDUFAF6,0.9343057,0.2310984308131241,0.9882651883863388
UTRN,0.9335328,0.23181169757489306,0.9882651883863388
SLITRK3,0.93336284,0.23252496433666192,0.9882651883863388
ZFC3H1,0.93248326,0.23323823109843078,0.9882651883863388
DNAH8,0.9322532,0.23323823109843078,0.9882651883863388
FANCD2,0.9321622,0.23323823109843078,0.9882651883863388
LYST,0.9317751,0.23609129814550645,0.9882651883863388
AES,0.93142664,0.23751783166904428,0.9882651883863388
CELSR2,0.930998,0.23751783166904428,0.9882651883863388
EXD1,0.9307675,0.23823109843081314,0.9882651883863388
GSTA4,0.9303834,0.238944365192582,0.9882651883863388
MYO7B,0.93011516,0.24037089871611983,0.9882651883863388
USP49,0.9295607,0.24179743223965766,0.9882651883863388
KMT2D,0.9290509,0.24251069900142652,0.9882651883863388
DNAH17,0.9289381,0.24251069900142652,0.9882651883863388
RELN,0.9288429,0.24251069900142652,0.9882651883863388
TSHZ2,0.92882967,0.24251069900142652,0.9882651883863388
ARAP3,0.9285026,0.2432239657631955,0.9882651883863388
FUBP3,0.928349,0.2432239657631955,0.9882651883863388
LATS2,0.9282398,0.24393723252496435,0.9882651883863388
CSMD3,0.9280982,0.24393723252496435,0.9882651883863388
CPEB1,0.9280901,0.24465049928673321,0.9882651883863388
SPAG5,0.92761636,0.24465049928673321,0.9882651883863388
KCNA5,0.92754525,0.24607703281027105,0.9882651883863388
IL24,0.9271491,0.24821683309557774,0.9882651883863388
VASH2,0.9270171,0.24821683309557774,0.9882651883863388
EXOC5,0.9269728,0.24821683309557774,0.9882651883863388
RSPH4A,0.92640007,0.2489300998573467,0.9882651883863388
POLR1B,0.926173,0.2489300998573467,0.9882651883863388
PCDH9,0.92611265,0.2489300998573467,0.9882651883863388
RARG,0.92599547,0.24964336661911557,0.9882651883863388
NLRP2,0.9251029,0.25035663338088443,0.9882651883863388
SHF,0.9242972,0.25178316690442226,0.9882651883863388
ANKRD2,0.9239083,0.25178316690442226,0.9882651883863388
DMXL1,0.9229277,0.2524964336661911,0.9882651883863388
HSPG2,0.92286193,0.2524964336661911,0.9882651883863388
SH3RF2,0.922672,0.2524964336661911,0.9882651883863388
BICD1,0.9221456,0.2546362339514979,0.9882651883863388
C17orf80,0.9219048,0.2546362339514979,0.9882651883863388
COL14A1,0.9209688,0.2574893009985735,0.9882651883863388
DZIP1L,0.9209412,0.2574893009985735,0.9882651883863388
MYOF,0.9205128,0.2574893009985735,0.9882651883863388
RPS9,0.92044085,0.2574893009985735,0.9882651883863388
MAPK8IP2,0.9200184,0.2589158345221113,0.9882651883863388
PLCL1,0.9199405,0.2589158345221113,0.9882651883863388
ZBTB7A,0.91833055,0.26034236804564914,0.9882651883863388
GINM1,0.9176122,0.26248216833095583,0.9882651883863388
OR2L3,0.9175865,0.26248216833095583,0.9882651883863388
TNFSF14,0.91739166,0.26248216833095583,0.9882651883863388
DCTN1,0.9165378,0.26390870185449355,0.9882651883863388
WDR3,0.916033,0.2646219686162625,0.9882651883863388
PPP2R1B,0.9159474,0.2646219686162625,0.9882651883863388
FBN1,0.9158368,0.2646219686162625,0.9882651883863388
TRIO,0.91456026,0.26604850213980036,0.9882651883863388
SPG7,0.91301787,0.27032810271041374,0.9882651883863388
DHRS7B,0.91253376,0.2710413694721826,0.9882651883863388
ULK1,0.912239,0.2710413694721826,0.9882651883863388
EHD1,0.9117116,0.27175463623395146,0.9882651883863388
ALOX15,0.9116504,0.27175463623395146,0.9882651883863388
SLC16A2,0.9113859,0.27175463623395146,0.9882651883863388
SOX14,0.9098915,0.2746077032810271,0.9882651883863388
BRD4,0.90974516,0.2746077032810271,0.9882651883863388
DLX2,0.90944856,0.2746077032810271,0.9882651883863388
MYH4,0.9093073,0.2746077032810271,0.9882651883863388
ELTD1,0.9092821,0.2746077032810271,0.9882651883863388
DNM1,0.9084546,0.275320970042796,0.9882651883863388
GRID2,0.9082106,0.275320970042796,0.9882651883863388
ASCC3,0.9080136,0.275320970042796,0.9882651883863388
SNX4,0.9075016,0.27817403708987165,0.9882651883863388
IQGAP2,0.9070144,0.2796005706134095,0.9882651883863388
MRPS35,0.90698683,0.2796005706134095,0.9882651883863388
ADCY5,0.90642923,0.2817403708987162,0.9882651883863388
ALG9,0.9061104,0.2817403708987162,0.9882651883863388
MAPKAPK2,0.90566933,0.2831669044222539,0.9882651883863388
PPFIA1,0.90560293,0.2831669044222539,0.9882651883863388
TRAF3,0.90425944,0.2845934379457917,0.9882651883863388
PSG6,0.90404826,0.2845934379457917,0.9882651883863388
PPP1R3B,0.9039345,0.2845934379457917,0.9882651883863388
LARP1,0.90390635,0.2845934379457917,0.9882651883863388
DDX51,0.90363014,0.2853067047075607,0.9882651883863388
BTBD7,0.9034444,0.28601997146932956,0.9882651883863388
CYLD,0.9026634,0.2874465049928674,0.9882651883863388
MATN4,0.90192413,0.28815977175463625,0.9882651883863388
STAM,0.9016935,0.2895863052781741,0.9882651883863388
CNTN5,0.90097636,0.29029957203994294,0.9882651883863388
SPECC1,0.90089655,0.29029957203994294,0.9882651883863388
KDM6A,0.90076476,0.29029957203994294,0.9882651883863388
RAD23B,0.900665,0.2910128388017119,0.9882651883863388
IFNLR1,0.9000307,0.2910128388017119,0.9882651883863388
LHFPL4,0.89931184,0.2931526390870186,0.9882651883863388
ZNF79,0.898905,0.2931526390870186,0.9882651883863388
UBA6,0.8985095,0.2931526390870186,0.9882651883863388
C3,0.8973565,0.29457917261055633,0.9882651883863388
GALNT2,0.89714617,0.29457917261055633,0.9882651883863388
TMEM132A,0.89704543,0.29457917261055633,0.9882651883863388
NCAN,0.89656806,0.2952924393723253,0.9882651883863388
NCAM1,0.89560825,0.29600570613409416,0.9882651883863388
TMTC3,0.8951209,0.29600570613409416,0.9882651883863388
ZNF367,0.890599,0.3009985734664765,0.9882651883863388
TRIM15,0.8904703,0.3009985734664765,0.9882651883863388
SPEG,0.89005136,0.3017118402282454,0.9882651883863388
AMICA1,0.8878663,0.30456490727532104,0.9882651883863388
PPP2R2A,0.88770574,0.30456490727532104,0.9882651883863388
FRAS1,0.8869916,0.30456490727532104,0.9882651883863388
BZW2,0.88679624,0.30456490727532104,0.9882651883863388
SBNO2,0.88678855,0.30456490727532104,0.9882651883863388
JAKMIP1,0.88593185,0.3052781740370899,0.9882651883863388
SKOR1,0.8855946,0.30599144079885876,0.9882651883863388
TRIM29,0.88510096,0.3074179743223966,0.9882651883863388
KAL1,0.88507265,0.3074179743223966,0.9882651883863388
ROBO2,0.88452756,0.30813124108416545,0.9882651883863388
CDH7,0.88432866,0.30813124108416545,0.9882651883863388
B4GALT4,0.8843267,0.30813124108416545,0.9882651883863388
UNC13B,0.8833153,0.3088445078459344,0.9882651883863388
RPL10A,0.88304484,0.3088445078459344,0.9882651883863388
DEPDC5,0.88283366,0.31027104136947226,0.9882651883863388
EMID1,0.8828196,0.31027104136947226,0.9882651883863388
SLC22A5,0.88252014,0.31027104136947226,0.9882651883863388
PIK3R5,0.8821554,0.31027104136947226,0.9882651883863388
KCNT1,0.881446,0.31169757489301,0.9882651883863388
FAM212A,0.8811999,0.31241084165477895,0.9882651883863388
KIF13B,0.88022727,0.3131241084165478,0.9882651883863388
KIAA0556,0.88018507,0.3131241084165478,0.9882651883863388
BPI,0.87929446,0.3131241084165478,0.9882651883863388
PTPN23,0.87874943,0.31383737517831667,0.9882651883863388
MYBPC3,0.87862414,0.31383737517831667,0.9882651883863388
GBA2,0.87786806,0.31383737517831667,0.9882651883863388
RYR2,0.8776004,0.31455064194008564,0.9882651883863388
MAP3K12,0.8775688,0.31455064194008564,0.9882651883863388
DYNC1I2,0.8770045,0.31455064194008564,0.9882651883863388
IGSF9B,0.8756006,0.3152639087018545,0.9882651883863388
SIGLEC1,0.87556833,0.3152639087018545,0.9882651883863388
EIF2AK2,0.87550735,0.3152639087018545,0.9882651883863388
KCNC1,0.8741122,0.31669044222539233,0.9882651883863388
STRIP2,0.8727641,0.31811697574893016,0.9882651883863388
MS4A8,0.8726682,0.31811697574893016,0.9882651883863388
OR56A3,0.87246203,0.3195435092724679,0.9882651883863388
PLEK2,0.8710816,0.3209700427960057,0.9882651883863388
TMEM8B,0.87104297,0.3209700427960057,0.9882651883863388
ZFYVE19,0.87074405,0.3209700427960057,0.9882651883863388
NPEPL1,0.86934966,0.3238231098430814,0.9882651883863388
PLCB2,0.8686604,0.3238231098430814,0.9882651883863388
SCN4A,0.8680209,0.3259629101283881,0.9882651883863388
IFT140,0.8669384,0.32667617689015693,0.9882651883863388
SCRIB,0.8645531,0.33024251069900146,0.9882651883863388
ARHGDIA,0.8637776,0.3309557774607703,0.9882651883863388
ABR,0.8625845,0.3316690442225393,0.9882651883863388
MS4A15,0.8623235,0.33238231098430815,0.9882651883863388
GPR112,0.8619863,0.33238231098430815,0.9882651883863388
TMEM44,0.8618022,0.33238231098430815,0.9882651883863388
FAT2,0.8588755,0.33452211126961484,0.9882651883863388
ATP8B3,0.8586725,0.3352353780313838,0.9882651883863388
IGSF9,0.8584633,0.3359486447931527,0.9882651883863388
LGALS9,0.85765404,0.33666191155492153,0.9882651883863388
GAB3,0.85743,0.33666191155492153,0.9882651883863388
LMO3,0.8551455,0.34236804564907275,0.9882651883863388
ASB6,0.8547637,0.3430813124108417,0.9882651883863388
PGBD1,0.854646,0.3437945791726106,0.9882651883863388
ALPI,0.8539341,0.34450784593437944,0.9882651883863388
BRD1,0.8529533,0.34450784593437944,0.9882651883863388
TG,0.8528058,0.34450784593437944,0.9882651883863388
KIRREL,0.85184824,0.3459343794579173,0.9882651883863388
E2F2,0.8506327,0.3459343794579173,0.9882651883863388
MYO1C,0.8499454,0.3473609129814551,0.9882651883863388
TCHH,0.8499012,0.34807417974322397,0.9882651883863388
SEC16A,0.8497102,0.34807417974322397,0.9882651883863388
CD109,0.84899145,0.3495007132667618,0.9882651883863388
CASP14,0.84805113,0.35092724679029963,0.9882651883863388
GRID1,0.8478461,0.3516405135520685,0.9882651883863388
ATP8B4,0.84710634,0.35235378031383735,0.9882651883863388
SIPA1L3,0.84680504,0.35235378031383735,0.9882651883863388
H2AFZ,0.8466806,0.35235378031383735,0.9882651883863388
MSRB3,0.84606344,0.35235378031383735,0.9882651883863388
ZBTB21,0.8452591,0.35235378031383735,0.9882651883863388
ALYREF,0.8451178,0.35235378031383735,0.9882651883863388
TYROBP,0.8449634,0.35235378031383735,0.9882651883863388
INPP5F,0.8444992,0.3530670470756063,0.9882651883863388
EMC1,0.8444965,0.3530670470756063,0.9882651883863388
LRP2,0.8442828,0.3530670470756063,0.9882651883863388
PAG1,0.8441922,0.3530670470756063,0.9882651883863388
RHPN2,0.8441457,0.3530670470756063,0.9882651883863388
GRIK4,0.84254575,0.3537803138373752,0.9882651883863388
TLE3,0.8420357,0.355206847360913,0.9882651883863388
RPS6KA6,0.84132284,0.3559201141226819,0.9882651883863388
AIM1L,0.84091914,0.35663338088445085,0.9882651883863388
SGK223,0.83938414,0.3573466476462197,0.9882651883863388
F5,0.83927375,0.3573466476462197,0.9882651883863388
SPRY2,0.8389271,0.35805991440798857,0.9882651883863388
ARPC1B,0.838508,0.35877318116975754,0.9882651883863388
OR51L1,0.8382603,0.35877318116975754,0.9882651883863388
EDEM2,0.8370199,0.3594864479315264,0.9882651883863388
RASGRF2,0.8346921,0.3637660485021398,0.9882651883863388
SAP30BP,0.8346827,0.36447931526390875,0.9882651883863388
CCDC180,0.8344871,0.36447931526390875,0.9882651883863388
CDHR1,0.8331875,0.3680456490727533,0.9882651883863388
MAP3K5,0.8319789,0.37232524964336666,0.9882651883863388
MLC1,0.83174175,0.3730385164051355,0.9882651883863388
DOPEY1,0.8312491,0.37446504992867335,0.9882651883863388
TBC1D10A,0.8310479,0.37446504992867335,0.9882651883863388
FOXC1,0.83092445,0.3751783166904422,0.9882651883863388
ZSCAN20,0.8304892,0.3751783166904422,0.9882651883863388
SEC14L1,0.8304371,0.3751783166904422,0.9882651883863388
XPO7,0.8300923,0.3751783166904422,0.9882651883863388
EHMT2,0.8300665,0.3751783166904422,0.9882651883863388
HMX3,0.82977206,0.37660485021398005,0.9882651883863388
SEMA5A,0.8296943,0.37660485021398005,0.9882651883863388
EPS8L2,0.82938755,0.3780313837375179,0.9882651883863388
LRP2BP,0.82837063,0.37874465049928674,0.9882651883863388
RERE,0.8282809,0.37874465049928674,0.9882651883863388
MTMR14,0.8273238,0.38017118402282457,0.9882651883863388
RUNDC1,0.82642967,0.3830242510699001,0.9882651883863388
RASA2,0.8255942,0.38445078459343796,0.9882651883863388
FAT1,0.8253662,0.38445078459343796,0.9882651883863388
FOXF2,0.8252381,0.3851640513552068,0.9882651883863388
KLHL31,0.8252135,0.3851640513552068,0.9882651883863388
FBXO46,0.8240024,0.3880171184022825,0.9882651883863388
VWA7,0.823835,0.3880171184022825,0.9882651883863388
CHMP7,0.82293993,0.391583452211127,0.9882651883863388
LAMA3,0.82271516,0.391583452211127,0.9882651883863388
SORL1,0.8223526,0.39229671897289586,0.9882651883863388
USP13,0.8220078,0.39229671897289586,0.9882651883863388
CDH24,0.8218736,0.39300998573466484,0.9882651883863388
RYR1,0.8216495,0.3937232524964337,0.9882651883863388
TNNT3,0.82150656,0.39443651925820256,0.9882651883863388
KCNJ16,0.8213913,0.39443651925820256,0.9882651883863388
PTCH2,0.8209405,0.39443651925820256,0.9882651883863388
SOGA1,0.8206053,0.39443651925820256,0.9882651883863388
PDS5B,0.8202159,0.3951497860199715,0.9882651883863388
GLP1R,0.81917334,0.39657631954350925,0.9882651883863388
TBCD,0.81899804,0.39657631954350925,0.9882651883863388
GPR101,0.81871605,0.3972895863052782,0.9882651883863388
FANCM,0.8184463,0.3980028530670471,0.9882651883863388
PPP1R18,0.8178625,0.39871611982881605,0.9882651883863388
MAPKBP1,0.81783104,0.39871611982881605,0.9882651883863388
TYRO3,0.8176314,0.39871611982881605,0.9882651883863388
ANXA2,0.8173631,0.39871611982881605,0.9882651883863388
CDR2L,0.81720185,0.39871611982881605,0.9882651883863388
CNOT6L,0.8169706,0.3994293865905849,0.9882651883863388
L3MBTL2,0.8166452,0.3994293865905849,0.9882651883863388
GABBR2,0.81606644,0.3994293865905849,0.9882651883863388
GLB1L,0.81579626,0.40014265335235377,0.9882651883863388
AMOTL2,0.81536317,0.40014265335235377,0.9882651883863388
KIAA0196,0.8149642,0.40014265335235377,0.9882651883863388
ZC3H13,0.8141206,0.40085592011412274,0.9882651883863388
SLC25A12,0.81395245,0.40085592011412274,0.9882651883863388
ANKRD50,0.8131286,0.4015691868758916,0.9882651883863388
GAL3ST4,0.81293684,0.4015691868758916,0.9882651883863388
NPR1,0.81245613,0.40299572039942944,0.9882651883863388
ATP13A5,0.81214577,0.40442225392296727,0.9882651883863388
LRP1B,0.81206346,0.40442225392296727,0.9882651883863388
KAT6A,0.81163234,0.40513552068473613,0.9882651883863388
CFP,0.8116187,0.40513552068473613,0.9882651883863388
NSD1,0.81148815,0.40513552068473613,0.9882651883863388
SPARCL1,0.80941886,0.405848787446505,0.9882651883863388
SLC6A13,0.80900747,0.4072753209700428,0.9882651883863388
EIF2B5,0.8087358,0.40870185449358065,0.9882651883863388
VAV3,0.8083153,0.4094151212553495,0.9882651883863388
COL27A1,0.80693364,0.4115549215406562,0.9882651883863388
WDR25,0.8063247,0.4136947218259629,0.9882651883863388
ACVRL1,0.80588543,0.41440798858773187,0.9882651883863388
ACTRT2,0.8055882,0.41512125534950073,0.9882651883863388
BUB1,0.8050722,0.4158345221112696,0.9882651883863388
PLEC,0.8041273,0.4172610556348074,0.9882651883863388
IGDCC3,0.80356663,0.4179743223965764,0.9882651883863388
HIVEP3,0.801937,0.4194008559201141,0.9882651883863388
ZC3H7A,0.80175585,0.4194008559201141,0.9882651883863388
MCM5,0.8015244,0.4194008559201141,0.9882651883863388
GRHL2,0.800239,0.4215406562054208,0.9882651883863388
BMP2K,0.8000352,0.4222539229671898,0.9882651883863388
NFX1,0.79984087,0.42296718972895864,0.9882651883863388
FAT3,0.79944694,0.4236804564907276,0.9882651883863388
KIAA1549,0.79704756,0.42653352353780316,0.9882651883863388
CDH3,0.79686004,0.427246790299572,0.9882651883863388
MORC3,0.79660654,0.427246790299572,0.9882651883863388
ADAMTS10,0.7954834,0.4293865905848787,0.9882651883863388
TNIP2,0.7951391,0.4293865905848787,0.9882651883863388
DNAH2,0.7931887,0.43081312410841655,0.9882651883863388
NCOA2,0.79266596,0.4315263908701855,0.9882651883863388
KCNV1,0.79259706,0.4322396576319544,0.9882651883863388
PLCE1,0.7924363,0.4322396576319544,0.9882651883863388
AP1G2,0.7920262,0.43295292439372324,0.9882651883863388
RBL1,0.79190975,0.43295292439372324,0.9882651883863388
SEPT6,0.79184747,0.43295292439372324,0.9882651883863388
LRRN3,0.7913866,0.4336661911554922,0.9882651883863388
BNC1,0.7911644,0.4336661911554922,0.9882651883863388
SETX,0.7909808,0.4336661911554922,0.9882651883863388
ABCA6,0.79080707,0.4336661911554922,0.9882651883863388
OR9A4,0.79031014,0.43437945791726107,0.9882651883863388
SPTBN4,0.7901549,0.43437945791726107,0.9882651883863388
CACNA1B,0.7898759,0.43437945791726107,0.9882651883863388
NLRP4,0.7894336,0.43509272467902993,0.9882651883863388
LRRC42,0.7894029,0.43509272467902993,0.9882651883863388
COBL,0.78919154,0.43509272467902993,0.9882651883863388
BLOC1S6,0.7864059,0.4379457917261056,0.9882651883863388
HDLBP,0.7855842,0.43865905848787445,0.9882651883863388
COL4A2,0.78532016,0.4400855920114123,0.9882651883863388
EDN1,0.78517056,0.4400855920114123,0.9882651883863388
ZSCAN1,0.7849795,0.44079885877318115,0.9882651883863388
ARNT2,0.7847027,0.4415121255349501,0.9882651883863388
DNAH11,0.78466755,0.4415121255349501,0.9882651883863388
LYPD4,0.7835643,0.44507845934379464,0.9882651883863388
CACNA2D1,0.783262,0.44507845934379464,0.9882651883863388
LAMA2,0.7818412,0.44507845934379464,0.9882651883863388
STAB1,0.78131515,0.4457917261055635,0.9882651883863388
ASPM,0.7806325,0.4479315263908702,0.9882651883863388
CALD1,0.7791874,0.449358059914408,0.9882651883863388
RPH3A,0.7788178,0.449358059914408,0.9882651883863388
FMNL1,0.77827567,0.4500713266761769,0.9882651883863388
GLTSCR1,0.77789855,0.4500713266761769,0.9882651883863388
MUM1,0.77682465,0.45078459343794586,0.9882651883863388
ZNF479,0.7763838,0.4522111269614836,0.9882651883863388
GRIN2A,0.77630496,0.4522111269614836,0.9882651883863388
DCAF11,0.776062,0.4522111269614836,0.9882651883863388
SPHKAP,0.77536476,0.4522111269614836,0.9882651883863388
CEP164,0.7753578,0.4522111269614836,0.9882651883863388
PANK4,0.7751892,0.4522111269614836,0.9882651883863388
NBEAL2,0.77509457,0.4522111269614836,0.9882651883863388
USP34,0.77479315,0.45292439372325255,0.9882651883863388
MRPL4,0.7735948,0.4536376604850214,0.9882651883863388
FAT4,0.7735288,0.4536376604850214,0.9882651883863388
PLD2,0.7735275,0.4536376604850214,0.9882651883863388
CD93,0.76912475,0.4614835948644793,0.9882651883863388
LRRC4B,0.7689167,0.4614835948644793,0.9882651883863388
6-Mar,0.768856,0.4614835948644793,0.9882651883863388
FLNC,0.7686578,0.4621968616262483,0.9882651883863388
ALPL,0.7680021,0.46291012838801715,0.9882651883863388
ITGB8,0.7678387,0.463623395149786,0.9882651883863388
MLST8,0.76649123,0.4657631954350927,0.9882651883863388
C6orf89,0.7661083,0.4664764621968617,0.9882651883863388
CASC3,0.7660468,0.4664764621968617,0.9882651883863388
ATF7IP,0.76542693,0.4664764621968617,0.9882651883863388
PCDHA2,0.7648861,0.46718972895863053,0.9882651883863388
FNDC1,0.7646963,0.46718972895863053,0.9882651883863388
CPVL,0.76468694,0.46718972895863053,0.9882651883863388
TRERF1,0.7639853,0.4679029957203995,0.9882651883863388
MYL10,0.7639256,0.4679029957203995,0.9882651883863388
DCP1B,0.76354605,0.46861626248216837,0.9882651883863388
ZNF304,0.76351386,0.46861626248216837,0.9882651883863388
SLC6A5,0.7626368,0.4693295292439372,0.9882651883863388
PYROXD2,0.7621671,0.4693295292439372,0.9882651883863388
DIDO1,0.7612652,0.47075606276747506,0.9882651883863388
TTC37,0.7611847,0.47075606276747506,0.9882651883863388
MAN2B1,0.76091903,0.4714693295292439,0.9882651883863388
KANK3,0.75920063,0.4721825962910129,0.9882651883863388
MMP20,0.7591822,0.4721825962910129,0.9882651883863388
DYSF,0.75892705,0.47503566333808844,0.9882651883863388
ARPC2,0.7585557,0.4757489300998574,0.9882651883863388
TMEM39A,0.75821644,0.4757489300998574,0.9882651883863388
PRRC2B,0.75816053,0.4757489300998574,0.9882651883863388
PPARA,0.7580539,0.4757489300998574,0.9882651883863388
EYA3,0.7579411,0.4757489300998574,0.9882651883863388
ATP10D,0.7576549,0.4757489300998574,0.9882651883863388
SVEP1,0.75744265,0.4757489300998574,0.9882651883863388
PPP4R1,0.7569365,0.4757489300998574,0.9882651883863388
KRT32,0.7567303,0.4764621968616263,0.9882651883863388
PRDM4,0.755936,0.47860199714693297,0.9882651883863388
MYO1F,0.75577915,0.47860199714693297,0.9882651883863388
AGAP2,0.75577813,0.47860199714693297,0.9882651883863388
ADAM21,0.7554403,0.47860199714693297,0.9882651883863388
KAT2A,0.7543093,0.4800285306704708,0.9882651883863388
ERC1,0.7542529,0.4800285306704708,0.9882651883863388
FAM127A,0.7541307,0.4800285306704708,0.9882651883863388
NRCAM,0.75381184,0.4800285306704708,0.9882651883863388
TNIP1,0.75251335,0.48074179743223966,0.9882651883863388
OCLN,0.7522115,0.48074179743223966,0.9882651883863388
PRRC2A,0.7520812,0.48145506419400863,0.9882651883863388
ARSB,0.75176376,0.4821683309557775,0.9882651883863388
FTHL17,0.7511999,0.4835948644793153,0.9882651883863388
GOLT1A,0.75097847,0.4835948644793153,0.9882651883863388
ZBTB7B,0.7508708,0.4835948644793153,0.9882651883863388
NCKAP5L,0.7499329,0.4835948644793153,0.9882651883863388
KRTAP4-4,0.74980026,0.4835948644793153,0.9882651883863388
SLC22A14,0.7479244,0.4843081312410842,0.9882651883863388
SERPINA3,0.74786896,0.4843081312410842,0.9882651883863388
TBC1D15,0.7448069,0.4864479315263909,0.9882651883863388
SYBU,0.7444382,0.48716119828815985,0.9882651883863388
MYO15A,0.7435013,0.4900142653352354,0.9882651883863388
SLC25A23,0.7429554,0.49072753209700426,0.9882651883863388
EGF,0.7425926,0.49144079885877323,0.9882651883863388
DCDC2B,0.7425739,0.49144079885877323,0.9882651883863388
RAC2,0.74239063,0.49144079885877323,0.9882651883863388
ERCC6L,0.74220127,0.49144079885877323,0.9882651883863388
LRRTM3,0.74216044,0.49144079885877323,0.9882651883863388
HLCS,0.74209136,0.49144079885877323,0.9882651883863388
NFATC2,0.7396808,0.49714693295292445,0.9882651883863388
NXPH3,0.73928607,0.49714693295292445,0.9882651883863388
DFNA5,0.7391662,0.4978601997146933,0.9882651883863388
MCEE,0.73852515,0.4978601997146933,0.9882651883863388
EPPK1,0.738501,0.4978601997146933,0.9882651883863388
ITPKB,0.73794013,0.4978601997146933,0.9882651883863388
AMZ1,0.73758936,0.4978601997146933,0.9882651883863388
TSC22D3,0.7370015,0.4978601997146933,0.9882651883863388
TRIM63,0.7367851,0.4978601997146933,0.9882651883863388
KIAA2013,0.7366654,0.4978601997146933,0.9882651883863388
SLC12A5,0.73605096,0.49928673323823114,0.9882651883863388
BAZ2A,0.7357711,0.49928673323823114,0.9882651883863388
SYTL3,0.7349126,0.5,0.9882651883863388
SPSB1,0.7343455,0.5,0.9882651883863388
PDZD2,0.7339143,0.5007132667617689,0.9882651883863388
DAPK1,0.73360044,0.5007132667617689,0.9882651883863388
DVL2,0.73333085,0.5007132667617689,0.9882651883863388
ADCY9,0.7322847,0.5014265335235377,0.9882651883863388
PRKCB,0.7308096,0.5028530670470756,0.9882651883863388
RNASEH2A,0.7308015,0.5028530670470756,0.9882651883863388
TSC22D4,0.73000187,0.5049928673323822,0.9882651883863388
SLC23A3,0.7293205,0.5049928673323822,0.9882651883863388
SERPIND1,0.72828794,0.5064194008559201,0.9882651883863388
ETS1,0.72793734,0.507132667617689,0.9882651883863388
PREX2,0.7276207,0.5085592011412268,0.9882651883863388
KTN1,0.72641736,0.5085592011412268,0.9882651883863388
APLF,0.72641516,0.5085592011412268,0.9882651883863388
DNAH7,0.7261765,0.5092724679029956,0.9882651883863388
THSD4,0.7255319,0.5092724679029956,0.9882651883863388
PVRIG,0.72506994,0.5092724679029956,0.9882651883863388
SLC6A19,0.72488827,0.5106990014265336,0.9882651883863388
OR6K3,0.724312,0.5106990014265336,0.9882651883863388
XKR4,0.7239743,0.5106990014265336,0.9882651883863388
SCAMP5,0.7239491,0.5106990014265336,0.9882651883863388
UBR2,0.7232219,0.5121255349500713,0.9882651883863388
TRIML1,0.7230945,0.5121255349500713,0.9882651883863388
TRPM6,0.7230257,0.5121255349500713,0.9882651883863388
MED9,0.72256565,0.5121255349500713,0.9882651883863388
KIAA1958,0.72231865,0.5128388017118402,0.9882651883863388
NHS,0.7219682,0.5128388017118402,0.9882651883863388
PLEKHM3,0.721315,0.514265335235378,0.9882651883863388
FOXO3,0.7199501,0.5156918687589158,0.9882651883863388
TEX13A,0.7191433,0.5156918687589158,0.9882651883863388
PDE4DIP,0.7188076,0.5164051355206847,0.9882651883863388
CUX2,0.71734726,0.5185449358059915,0.9882651883863388
KIAA0430,0.7160783,0.5221112696148359,0.9882651883863388
SPTA1,0.7158835,0.5221112696148359,0.9882651883863388
ALDH2,0.7142268,0.5242510699001426,0.9882651883863388
TRPM7,0.713929,0.5249643366619114,0.9882651883863388
IL17RD,0.71315235,0.5256776034236804,0.9882651883863388
CEP192,0.712899,0.5263908701854494,0.9882651883863388
KCNK13,0.71269846,0.5263908701854494,0.9882651883863388
WNT2,0.71125555,0.528530670470756,0.9882651883863388
PRUNE2,0.7101902,0.5292439372325249,0.9882651883863388
CWC25,0.7096687,0.5292439372325249,0.9882651883863388
ATG9A,0.70952904,0.5292439372325249,0.9882651883863388
KCNH5,0.7093845,0.5292439372325249,0.9882651883863388
PTPMT1,0.7091751,0.5306704707560628,0.9882651883863388
PRSS16,0.7088535,0.5306704707560628,0.9882651883863388
DRG1,0.70841956,0.5306704707560628,0.9882651883863388
HHAT,0.70817757,0.5320970042796005,0.9882651883863388
PCSK7,0.7072864,0.5328102710413695,0.9882651883863388
PLXNA4,0.7061637,0.5335235378031383,0.9882651883863388
ADAMTS12,0.7059983,0.5335235378031383,0.9882651883863388
GOLGA4,0.70591104,0.5335235378031383,0.9882651883863388
RAB11FIP5,0.70563763,0.5335235378031383,0.9882651883863388
GALE,0.70520353,0.5335235378031383,0.9882651883863388
DMBX1,0.7044074,0.5342368045649073,0.9882651883863388
ANAPC1,0.70343256,0.5349500713266762,0.9882651883863388
RAB20,0.7026369,0.5370898716119828,0.9882651883863388
ADAMTS4,0.7026184,0.5370898716119828,0.9882651883863388
SHROOM2,0.7006828,0.5392296718972895,0.9882651883863388
SAP130,0.69952434,0.5413694721825963,0.9882651883863388
ESRRG,0.6987898,0.5413694721825963,0.9882651883863388
ZBTB8A,0.69747794,0.5449358059914408,0.9882651883863388
APEH,0.697438,0.5449358059914408,0.9882651883863388
CAMK1D,0.69725615,0.5449358059914408,0.9882651883863388
NBPF3,0.69679755,0.5449358059914408,0.9882651883863388
DGKQ,0.6958417,0.5463623395149786,0.9882651883863388
AP3B2,0.6953883,0.5470756062767475,0.9882651883863388
SLC6A9,0.6950592,0.5470756062767475,0.9882651883863388
CNST,0.6945805,0.5477888730385163,0.9882651883863388
MATK,0.6939057,0.5485021398002853,0.9882651883863388
CDCP2,0.693716,0.5492154065620543,0.9882651883863388
NOD2,0.6934112,0.5492154065620543,0.9882651883863388
CR1L,0.692331,0.550641940085592,0.9882651883863388
DNAJC8,0.691654,0.550641940085592,0.9882651883863388
LIMS1,0.69120705,0.550641940085592,0.9882651883863388
TTN,0.69119877,0.550641940085592,0.9882651883863388
DST,0.69119877,0.550641940085592,0.9882651883863388
COL11A1,0.69119877,0.550641940085592,0.9882651883863388
CACNA1E,0.69119877,0.550641940085592,0.9882651883863388
ZNF354C,0.6910858,0.5534950071326676,0.9882651883863388
PRDM11,0.69038373,0.5534950071326676,0.9882651883863388
PLSCR5,0.6895064,0.5542082738944365,0.9882651883863388
AGAP1,0.6894514,0.5542082738944365,0.9882651883863388
GABRE,0.6884166,0.5542082738944365,0.9882651883863388
EFHC1,0.68679494,0.557774607703281,0.9882651883863388
TRAF3IP1,0.6865582,0.5584878744650499,0.9882651883863388
DDR2,0.68655795,0.5584878744650499,0.9882651883863388
BMP7,0.6864327,0.5584878744650499,0.9882651883863388
CYP1A1,0.6864025,0.5584878744650499,0.9882651883863388
SLC30A1,0.6857088,0.5584878744650499,0.9882651883863388
ELMOD2,0.6850295,0.5592011412268187,0.9882651883863388
THSD7B,0.6848964,0.5592011412268187,0.9882651883863388
CDK3,0.68458706,0.5599144079885877,0.9882651883863388
EFTUD1,0.68452495,0.5599144079885877,0.9882651883863388
PLD5,0.68451977,0.5599144079885877,0.9882651883863388
LCAT,0.68297064,0.5606276747503567,0.9882651883863388
CYB561,0.68247944,0.5606276747503567,0.9882651883863388
COG1,0.6816508,0.5620542082738944,0.9882651883863388
KIAA1109,0.68129236,0.5620542082738944,0.9882651883863388
EXOC2,0.6807178,0.5641940085592011,0.9882651883863388
CMYA5,0.6792921,0.5641940085592011,0.9882651883863388
CD163,0.6767435,0.5649072753209701,0.9882651883863388
ATP1B4,0.67642087,0.5649072753209701,0.9882651883863388
PTK7,0.6762322,0.5649072753209701,0.9882651883863388
CPAMD8,0.67600316,0.5649072753209701,0.9882651883863388
GPR124,0.6753917,0.5649072753209701,0.9882651883863388
LSM1,0.6748706,0.5649072753209701,0.9882651883863388
FHOD3,0.6747437,0.5649072753209701,0.9882651883863388
WDHD1,0.6746074,0.5649072753209701,0.9882651883863388
C1orf86,0.674297,0.5649072753209701,0.9882651883863388
RAB2B,0.6733117,0.5656205420827389,0.9882651883863388
HK1,0.6730025,0.5663338088445078,0.9882651883863388
CAT,0.6726836,0.5684736091298146,0.9882651883863388
ATF6B,0.6707533,0.5691868758915835,0.9882651883863388
MUC17,0.6705049,0.5691868758915835,0.9882651883863388
ATAD3A,0.6703822,0.5691868758915835,0.9882651883863388
TNFRSF8,0.67007196,0.5691868758915835,0.9882651883863388
MB21D1,0.66974926,0.5691868758915835,0.9882651883863388
KRR1,0.669357,0.5699001426533523,0.9882651883863388
COL9A2,0.669325,0.5699001426533523,0.9882651883863388
ABCA13,0.66912353,0.5706134094151212,0.9882651883863388
EPG5,0.6685508,0.5706134094151212,0.9882651883863388
S1PR4,0.6680334,0.5706134094151212,0.9882651883863388
C1orf94,0.66737944,0.5706134094151212,0.9882651883863388
DPEP2,0.6654006,0.572753209700428,0.9882651883863388
ZNF229,0.6646934,0.5734664764621968,0.9882651883863388
KIAA1919,0.6646662,0.5734664764621968,0.9882651883863388
HAT1,0.6638268,0.5734664764621968,0.9882651883863388
ZMYM3,0.6618256,0.5741797432239657,0.9882651883863388
ZNF460,0.6611787,0.5748930099857346,0.9882651883863388
SNTG2,0.6607355,0.5748930099857346,0.9882651883863388
COG2,0.6599451,0.5756062767475035,0.9882651883863388
CD4,0.6597295,0.5756062767475035,0.9882651883863388
SYPL2,0.65942425,0.5763195435092725,0.9882786786493155
MED25,0.6580129,0.579172610556348,0.9919570016985862
IVD,0.6569225,0.579885877318117,0.9919659513097461
LCE4A,0.65629905,0.5813124108416547,0.9919926694919665
ZNF503,0.6561697,0.5820256776034236,0.9919926694919665
NPAS2,0.6561003,0.5820256776034236,0.9919926694919665
PPL,0.6556204,0.5827389443651926,0.9920015322668709
TCIRG1,0.65499413,0.5834522111269614,0.9920103735301857
EFEMP2,0.6544046,0.5855920114122681,0.9944417066528335
FOXS1,0.6537596,0.5877318116975749,0.9944592610969837
NFIC,0.6535176,0.5877318116975749,0.9944592610969837
SHPK,0.65290225,0.5877318116975749,0.9944592610969837
IFIT3,0.6513838,0.5927246790299572,0.9945338831395949
TRIM62,0.650639,0.593437945791726,0.9945338831395949
OR2B3,0.6498254,0.593437945791726,0.9945338831395949
TECTA,0.6496054,0.5941512125534949,0.9945338831395949
GRHL3,0.64830184,0.5948644793152639,0.9945338831395949
LRRC49,0.6479464,0.5948644793152639,0.9945338831395949
INTS5,0.6476809,0.5955777460770328,0.9945338831395949
RET,0.6476019,0.5955777460770328,0.9945338831395949
GLA,0.6473981,0.5955777460770328,0.9945338831395949
FKBP9,0.6473319,0.5955777460770328,0.9945338831395949
PHLDB1,0.6460392,0.5962910128388017,0.9945338831395949
COL25A1,0.6456704,0.5970042796005706,0.9945338831395949
RECQL5,0.6443803,0.5970042796005706,0.9945338831395949
RNF113B,0.6441487,0.5991440798858774,0.9948005975110111
CENPF,0.643399,0.6005706134094151,0.9948005975110111
RXRG,0.64157224,0.6027104136947218,0.9948005975110111
SBF1,0.6391224,0.6048502139800285,0.9948005975110111
MAP3K19,0.6386219,0.6048502139800285,0.9948005975110111
SGSM1,0.63760245,0.6062767475035663,0.9948005975110111
AMER3,0.6371809,0.6062767475035663,0.9948005975110111
HR,0.6370864,0.6062767475035663,0.9948005975110111
SPDL1,0.6368801,0.6069900142653353,0.9948005975110111
GPR68,0.63668233,0.6069900142653353,0.9948005975110111
KIAA1217,0.63623863,0.6077032810271041,0.9948005975110111
FASTKD3,0.63461286,0.6091298145506419,0.9948005975110111
THBS3,0.63445085,0.6091298145506419,0.9948005975110111
PPM1J,0.63398635,0.6091298145506419,0.9948005975110111
MEST,0.6324204,0.6119828815977175,0.9948005975110111
N4BP2,0.6315892,0.6126961483594864,0.9948005975110111
CNPY2,0.63028777,0.6148359486447932,0.9948005975110111
CACNA1C,0.62953484,0.615549215406562,0.9948005975110111
WDR27,0.6294286,0.6162624821683309,0.9948005975110111
GSR,0.6292614,0.6162624821683309,0.9948005975110111
ABCA12,0.6291198,0.6162624821683309,0.9948005975110111
PIGU,0.6288405,0.6162624821683309,0.9948005975110111
TAF1C,0.6269344,0.6176890156918687,0.9948005975110111
GJA1,0.626442,0.6176890156918687,0.9948005975110111
APMAP,0.62637097,0.6176890156918687,0.9948005975110111
RRBP1,0.6258063,0.6176890156918687,0.9948005975110111
AKAP13,0.6253519,0.6191155492154066,0.9948005975110111
ZNF281,0.62509626,0.6191155492154066,0.9948005975110111
SLC40A1,0.6250825,0.6191155492154066,0.9948005975110111
IQSEC3,0.6245042,0.6191155492154066,0.9948005975110111
PROSER1,0.6218578,0.6226818830242511,0.9948005975110111
ARHGEF17,0.62016,0.6255349500713266,0.9948005975110111
ADAMTSL1,0.6199018,0.6255349500713266,0.9948005975110111
PRKAG2,0.6196554,0.6255349500713266,0.9948005975110111
ZNF599,0.6192019,0.6262482168330956,0.9948005975110111
WDR59,0.6184518,0.6276747503566333,0.9948005975110111
AGRN,0.6184298,0.6276747503566333,0.9948005975110111
RNF25,0.6175754,0.6283880171184022,0.9948005975110111
RBM12,0.6175099,0.6283880171184022,0.9948005975110111
VWF,0.6172473,0.6283880171184022,0.9948005975110111
SIK3,0.6156357,0.6298145506419401,0.9948005975110111
CACHD1,0.6155706,0.6298145506419401,0.9948005975110111
PHKA2,0.6142087,0.6319543509272467,0.9948005975110111
WDR90,0.61312765,0.6319543509272467,0.9948005975110111
RND2,0.6128371,0.6326676176890157,0.9948005975110111
CTTNBP2,0.6116622,0.6326676176890157,0.9948005975110111
PKP3,0.61158985,0.6326676176890157,0.9948005975110111
ZFP1,0.61119485,0.6326676176890157,0.9948005975110111
RAI14,0.6111841,0.6326676176890157,0.9948005975110111
POU4F1,0.6082139,0.6326676176890157,0.9948005975110111
BTNL3,0.6076435,0.6333808844507846,0.9948056268111538
KRTAP9-3,0.6063018,0.6348074179743224,0.9954195245182689
ZNF423,0.60480565,0.6369472182596291,0.9954195245182689
RNPEPL1,0.60297257,0.6405135520684736,0.9954195245182689
PYGL,0.60151553,0.6426533523537803,0.9954195245182689
OR8A1,0.6009863,0.6426533523537803,0.9954195245182689
KRI1,0.5991617,0.644079885877318,0.9954195245182689
SRSF4,0.59902817,0.644079885877318,0.9954195245182689
FBXO10,0.5986381,0.644793152639087,0.9954195245182689
DCAF12,0.5948571,0.6476462196861625,0.9954195245182689
COL2A1,0.5945451,0.6476462196861625,0.9954195245182689
COL4A1,0.59436536,0.6476462196861625,0.9954195245182689
TNS4,0.5932539,0.6490727532097005,0.9954195245182689
KIAA1324L,0.5920084,0.6504992867332382,0.9954195245182689
TOX3,0.591966,0.6504992867332382,0.9954195245182689
SLC39A5,0.5918271,0.6504992867332382,0.9954195245182689
C8orf31,0.5911474,0.6504992867332382,0.9954195245182689
IGHG3,0.58762485,0.6554921540656204,0.9954195245182689
SLC13A5,0.58651984,0.6576319543509273,0.9954195245182689
DCUN1D2,0.5861885,0.6576319543509273,0.9954195245182689
P2RX3,0.58567744,0.6576319543509273,0.9954195245182689
RAC3,0.5850709,0.6576319543509273,0.9954195245182689
SUGP2,0.58472914,0.6576319543509273,0.9954195245182689
PI4K2A,0.5845029,0.6576319543509273,0.9954195245182689
MERTK,0.5837616,0.6583452211126961,0.9954195245182689
AHCTF1,0.5837052,0.6583452211126961,0.9954195245182689
CPEB3,0.58293325,0.6583452211126961,0.9954195245182689
ARHGAP4,0.5828621,0.6583452211126961,0.9954195245182689
DEAF1,0.5820476,0.6583452211126961,0.9954195245182689
GDAP1L1,0.57995635,0.6633380884450784,0.9954195245182689
COL5A1,0.579944,0.6633380884450784,0.9954195245182689
KATNB1,0.5797938,0.6633380884450784,0.9954195245182689
BICC1,0.5789679,0.6654778887303852,0.9954195245182689
GP2,0.57697004,0.6669044222539229,0.9954195245182689
BBX,0.575134,0.6676176890156919,0.9954195245182689
NIN,0.57381177,0.6690442225392297,0.9954195245182689
NDN,0.5736939,0.6690442225392297,0.9954195245182689
PCDHB7,0.5724882,0.6697574893009985,0.9954195245182689
DNAJC1,0.5723603,0.6704707560627674,0.9954195245182689
PDXDC1,0.571761,0.6704707560627674,0.9954195245182689
SEL1L3,0.57079685,0.6718972895863052,0.9954195245182689
TP53INP1,0.5703132,0.6726105563480742,0.9954195245182689
CYP17A1,0.5702006,0.6733238231098431,0.9954195245182689
HSD17B7,0.5694184,0.6733238231098431,0.9954195245182689
SBSPON,0.5679722,0.6747503566333808,0.9954195245182689
FAM47A,0.56766796,0.6747503566333808,0.9954195245182689
FOXM1,0.56724185,0.6754636233951498,0.9954195245182689
NEU2,0.56688833,0.6761768901569187,0.9954195245182689
KIR3DL2,0.56530344,0.6783166904422253,0.9954195245182689
GRIN2B,0.5650542,0.6783166904422253,0.9954195245182689
RGS11,0.5601058,0.68830242510699,0.9954195245182689
BEST3,0.55958384,0.68830242510699,0.9954195245182689
KLHL3,0.55898935,0.68830242510699,0.9954195245182689
RADIL,0.5572588,0.68830242510699,0.9954195245182689
CTDSP1,0.5563476,0.68830242510699,0.9954195245182689
LUZP1,0.555863,0.68830242510699,0.9954195245182689
LPHN3,0.55550975,0.68830242510699,0.9954195245182689
TXN2,0.55252594,0.6911554921540656,0.9954195245182689
SLFN11,0.552386,0.6911554921540656,0.9954195245182689
ZNF197,0.55082685,0.6918687589158345,0.9954195245182689
FAM161A,0.55028814,0.6918687589158345,0.9954195245182689
ATP2A3,0.54846215,0.6968616262482168,0.9954195245182689
TBL2,0.54777604,0.6968616262482168,0.9954195245182689
LRRC16A,0.54756075,0.6968616262482168,0.9954195245182689
ADRBK2,0.545717,0.6990014265335236,0.9954195245182689
ZNF628,0.54464155,0.6990014265335236,0.9954195245182689
PCK2,0.54397345,0.6990014265335236,0.9954195245182689
KIAA1462,0.54340345,0.6997146932952925,0.9954195245182689
ARHGAP17,0.5428166,0.7011412268188302,0.9954195245182689
PSG1,0.542573,0.7011412268188302,0.9954195245182689
AKAP9,0.5423897,0.7018544935805991,0.9954195245182689
FBXL18,0.54066503,0.7054208273894436,0.9954195245182689
ZNF462,0.53898984,0.7054208273894436,0.9954195245182689
CDC20B,0.53828144,0.7061340941512125,0.9954195245182689
ZAN,0.5376636,0.7068473609129815,0.9954195245182689
SSH1,0.53744894,0.7075606276747504,0.9954195245182689
PDE8B,0.53719205,0.7082738944365192,0.9954195245182689
ANK1,0.5365893,0.7097004279600571,0.9954195245182689
ZNF560,0.53568405,0.7097004279600571,0.9954195245182689
NRXN1,0.5356818,0.7097004279600571,0.9954195245182689
SCN2A,0.5351406,0.7097004279600571,0.9954195245182689
PLAC9,0.53396034,0.7111269614835949,0.9954195245182689
PSG4,0.5329472,0.7118402282453637,0.9954195245182689
ODC1,0.5324885,0.7125534950071326,0.9954195245182689
LPCAT1,0.532069,0.7125534950071326,0.9954195245182689
LAMA1,0.53088826,0.7125534950071326,0.9954195245182689
FSHR,0.52963364,0.7132667617689015,0.9954195245182689
ST8SIA3,0.5292861,0.7132667617689015,0.9954195245182689
CIITA,0.5280813,0.7154065620542083,0.9954195245182689
ANK2,0.52755296,0.7161198288159771,0.9954195245182689
ROR2,0.5270889,0.716833095577746,0.9954195245182689
ST3GAL3,0.5264876,0.717546362339515,0.9954195245182689
GLIS3,0.52642745,0.717546362339515,0.9954195245182689
OVCH1,0.5263759,0.717546362339515,0.9954195245182689
MPP3,0.52504677,0.7189728958630528,0.9954195245182689
LMTK2,0.52491707,0.7189728958630528,0.9954195245182689
KCTD19,0.5239402,0.7203994293865905,0.9954195245182689
PSME4,0.5236524,0.7211126961483595,0.9954195245182689
EHD3,0.52322775,0.7218259629101283,0.9954195245182689
ZNF140,0.52299374,0.7232524964336662,0.9954195245182689
TMOD2,0.5224192,0.7232524964336662,0.9954195245182689
TMEM45B,0.522402,0.7232524964336662,0.9954195245182689
HMGXB4,0.5218332,0.7232524964336662,0.9954195245182689
RTCA,0.5216384,0.7232524964336662,0.9954195245182689
LRRC30,0.52074873,0.7232524964336662,0.9954195245182689
CBX2,0.51870793,0.7232524964336662,0.9954195245182689
SLC25A28,0.5186859,0.7232524964336662,0.9954195245182689
GNB3,0.5185704,0.723965763195435,0.9954195245182689
NME7,0.5172399,0.7246790299572039,0.9954195245182689
ACD,0.51608187,0.7253922967189729,0.9954195245182689
PIP4K2A,0.515352,0.7253922967189729,0.9954195245182689
LLGL2,0.5131048,0.7268188302425107,0.9954195245182689
FANCL,0.5130617,0.7268188302425107,0.9954195245182689
CLCA1,0.51301295,0.7268188302425107,0.9954195245182689
GAB1,0.5119337,0.7289586305278174,0.9954195245182689
DR1,0.5110606,0.7289586305278174,0.9954195245182689
DPP4,0.50939834,0.7303851640513552,0.9954195245182689
CHRM1,0.5093016,0.7303851640513552,0.9954195245182689
LRFN1,0.50855726,0.7303851640513552,0.9954195245182689
ZNF182,0.50833184,0.7303851640513552,0.9954195245182689
CCDC89,0.5076152,0.7303851640513552,0.9954195245182689
CADM3,0.50674695,0.7303851640513552,0.9954195245182689
TBX6,0.50624835,0.7310984308131241,0.9954195245182689
ADD1,0.5062373,0.7310984308131241,0.9954195245182689
IL12RB2,0.5061378,0.7310984308131241,0.9954195245182689
GTDC1,0.5042549,0.7339514978601998,0.9954195245182689
PPP1R12C,0.50368345,0.7353780313837375,0.9954195245182689
C3orf56,0.5033323,0.7353780313837375,0.9954195245182689
MRGPRX2,0.5030992,0.7353780313837375,0.9954195245182689
REC8,0.50248104,0.7353780313837375,0.9954195245182689
CLEC4M,0.50102895,0.7382310984308131,0.9954195245182689
RBM22,0.5009182,0.7382310984308131,0.9954195245182689
XAB2,0.49988115,0.738944365192582,0.9954195245182689
SNRNP25,0.49920225,0.738944365192582,0.9954195245182689
CDC40,0.49910334,0.738944365192582,0.9954195245182689
BPIFB1,0.49871817,0.7396576319543509,0.9954195245182689
ACP2,0.49856284,0.7396576319543509,0.9954195245182689
COL22A1,0.49847522,0.7396576319543509,0.9954195245182689
NUFIP2,0.49807778,0.7396576319543509,0.9954195245182689
ZNF446,0.49804872,0.7396576319543509,0.9954195245182689
FMO2,0.49064684,0.7453637660485022,0.9954195245182689
TRPM5,0.4901058,0.7453637660485022,0.9954195245182689
FAM57B,0.48763618,0.7475035663338088,0.9954195245182689
GTSE1,0.48522723,0.7475035663338088,0.9954195245182689
VSIG10,0.48506796,0.7475035663338088,0.9954195245182689
KCNE3,0.4836284,0.7489300998573466,0.9954195245182689
MYF6,0.48253635,0.7496433666191156,0.9954195245182689
TMEM2,0.48014072,0.7510699001426533,0.9954195245182689
UMODL1,0.4783311,0.753922967189729,0.9954195245182689
SEMA4A,0.4780005,0.753922967189729,0.9954195245182689
C4orf32,0.4771964,0.7546362339514978,0.9954195245182689
HEPN1,0.47552326,0.7553495007132668,0.9954195245182689
OSBPL2,0.47531143,0.7553495007132668,0.9954195245182689
URAD,0.47346506,0.7553495007132668,0.9954195245182689
PDIA5,0.47292906,0.7560627674750356,0.9954195245182689
LRRC8A,0.4712208,0.7567760342368046,0.9954195245182689
CACFD1,0.47055966,0.7567760342368046,0.9954195245182689
APBA2,0.46936968,0.7567760342368046,0.9954195245182689
SIM2,0.46821687,0.7582025677603423,0.9954195245182689
C2orf71,0.46689916,0.7596291012838802,0.9954195245182689
HOXB5,0.46680245,0.7596291012838802,0.9954195245182689
PRKD1,0.46584132,0.7603423680456491,0.9954195245182689
SCN9A,0.4653737,0.7617689015691869,0.9954195245182689
ACTL7B,0.46228316,0.7617689015691869,0.9954195245182689
ZSCAN16,0.4601793,0.7646219686162625,0.9954195245182689
DHRS3,0.4598908,0.7646219686162625,0.9954195245182689
JADE3,0.45967957,0.7653352353780314,0.9954195245182689
KIF4B,0.45931634,0.7653352353780314,0.9954195245182689
UBE2J2,0.45777762,0.7660485021398002,0.9954195245182689
CSGALNACT1,0.4573309,0.768188302425107,0.9954195245182689
VPREB3,0.45600995,0.7710413694721826,0.9954195245182689
MORC2,0.45585665,0.7710413694721826,0.9954195245182689
HHEX,0.45502663,0.7710413694721826,0.9954195245182689
CSPG4,0.4544567,0.7710413694721826,0.9954195245182689
CPNE6,0.45410946,0.7710413694721826,0.9954195245182689
TMEM179B,0.45291802,0.7710413694721826,0.9954195245182689
PCDHB16,0.45135093,0.7717546362339515,0.9954195245182689
RNF167,0.4484221,0.7731811697574893,0.9954195245182689
ZNF860,0.44806215,0.7738944365192582,0.9954195245182689
C1orf127,0.44691545,0.7746077032810271,0.9954195245182689
SNAP91,0.4461491,0.7746077032810271,0.9954195245182689
KRT16,0.4435619,0.776034236804565,0.9954195245182689
TRIM67,0.44313133,0.776034236804565,0.9954195245182689
LMOD3,0.44274127,0.7767475035663338,0.9954195245182689
EPC2,0.44147798,0.7767475035663338,0.9954195245182689
C6orf211,0.44089332,0.7774607703281027,0.9954195245182689
INPP5A,0.43910494,0.7788873038516405,0.9954195245182689
SELE,0.437892,0.7796005706134095,0.9954195245182689
PSMF1,0.43781263,0.7796005706134095,0.9954195245182689
SMCR8,0.437722,0.7796005706134095,0.9954195245182689
OSGIN1,0.4365754,0.7803138373751783,0.9954195245182689
TTC8,0.4318223,0.7867332382310984,0.9954195245182689
SLC27A6,0.4276397,0.7881597717546363,0.9954195245182689
BCAS1,0.42630452,0.7881597717546363,0.9954195245182689
OR10H1,0.42514664,0.7881597717546363,0.9954195245182689
CEP95,0.4246018,0.7881597717546363,0.9954195245182689
BIRC5,0.42434797,0.7888730385164051,0.9954195245182689
USP35,0.42369527,0.7888730385164051,0.9954195245182689
PTBP2,0.4227241,0.7902995720399429,0.9954195245182689
CAP2,0.42256188,0.7902995720399429,0.9954195245182689
SLC25A18,0.4222067,0.7902995720399429,0.9954195245182689
NGFR,0.42200467,0.7902995720399429,0.9954195245182689
GRIK3,0.42081493,0.7917261055634808,0.9954195245182689
CETP,0.4206621,0.7917261055634808,0.9954195245182689
PLA2G7,0.42041835,0.7917261055634808,0.9954195245182689
B4GALNT2,0.41927585,0.7917261055634808,0.9954195245182689
SLC26A9,0.4190288,0.7917261055634808,0.9954195245182689
IL1R1,0.41743574,0.7931526390870185,0.9954195245182689
ANKAR,0.41431218,0.796718972895863,0.9954195245182689
SCARB1,0.41366324,0.7981455064194009,0.9954195245182689
SLC13A1,0.41349712,0.7981455064194009,0.9954195245182689
CNTROB,0.4130621,0.7995720399429387,0.9954195245182689
GIP,0.41251552,0.7995720399429387,0.9954195245182689
DYNC2H1,0.41181993,0.7995720399429387,0.9954195245182689
WDR75,0.41152674,0.7995720399429387,0.9954195245182689
ZNF546,0.4081118,0.8024251069900142,0.9954195245182689
PCDHGB4,0.4058182,0.8059914407988588,0.9954195245182689
NCF2,0.40430227,0.8059914407988588,0.9954195245182689
TLN2,0.40388066,0.8059914407988588,0.9954195245182689
PAX7,0.40304425,0.8067047075606277,0.9954195245182689
SLC4A1,0.4028922,0.8067047075606277,0.9954195245182689
IL25,0.40284035,0.8067047075606277,0.9954195245182689
C12orf50,0.40148965,0.8074179743223966,0.9954195245182689
PPP1R3A,0.40113136,0.8074179743223966,0.9954195245182689
SLC35F3,0.40060747,0.8074179743223966,0.9954195245182689
HOXB8,0.39976773,0.8081312410841655,0.9954195245182689
KIAA0586,0.39874548,0.8088445078459344,0.9954195245182689
OXLD1,0.3987203,0.8088445078459344,0.9954195245182689
UTP14C,0.39690864,0.8109843081312411,0.9954195245182689
PITPNM2,0.39428973,0.8138373751783167,0.9954195245182689
FOXP2,0.39323965,0.8152639087018545,0.9954195245182689
PPM1L,0.39308095,0.8152639087018545,0.9954195245182689
DSG1,0.39262733,0.8152639087018545,0.9954195245182689
RPS6KC1,0.3916778,0.8159771754636234,0.9954195245182689
C14orf39,0.3905463,0.8181169757489302,0.9954195245182689
DDHD2,0.38732994,0.8223965763195435,0.9954195245182689
TMEM35,0.387262,0.8223965763195435,0.9954195245182689
DPCR1,0.38695025,0.8223965763195435,0.9954195245182689
ANKK1,0.38665584,0.8223965763195435,0.9954195245182689
TGM4,0.38569114,0.8223965763195435,0.9954195245182689
SLC18B1,0.38562256,0.8223965763195435,0.9954195245182689
ASIC1,0.3846233,0.8231098430813124,0.9954195245182689
C1orf116,0.38409793,0.8245363766048502,0.9954195245182689
ARHGEF40,0.38282424,0.8266761768901569,0.9954195245182689
PDE6B,0.38142762,0.8281027104136948,0.9954195245182689
ZNF425,0.38109627,0.8295292439372326,0.9954195245182689
PLCD4,0.38082954,0.8295292439372326,0.9954195245182689
RGL3,0.38039294,0.8302425106990015,0.9954195245182689
VWA2,0.38036135,0.8302425106990015,0.9954195245182689
MPP1,0.37755087,0.8323823109843081,0.9954195245182689
C11orf57,0.3772107,0.8345221112696148,0.9954195245182689
DCAF8L2,0.3767449,0.8345221112696148,0.9954195245182689
METRN,0.3767209,0.8345221112696148,0.9954195245182689
IMP4,0.3765409,0.8345221112696148,0.9954195245182689
KCNU1,0.37517133,0.8352353780313837,0.9954195245182689
PSAP,0.3737254,0.8366619115549215,0.9954195245182689
SLC9A3,0.3723285,0.8380884450784594,0.9954195245182689
MYO3B,0.37100968,0.8380884450784594,0.9954195245182689
MROH1,0.3688777,0.8388017118402282,0.9954195245182689
KIR2DL4,0.36490119,0.8409415121255349,0.9954195245182689
TRPV2,0.36487398,0.8409415121255349,0.9954195245182689
FAM171A1,0.36206815,0.8423680456490727,0.9954195245182689
OR2L2,0.36055478,0.8445078459343794,0.9954195245182689
LONRF3,0.3601954,0.8445078459343794,0.9954195245182689
SNAPC2,0.35997522,0.8445078459343794,0.9954195245182689
REXO1,0.35967907,0.8445078459343794,0.9954195245182689
TRIM56,0.35956478,0.8445078459343794,0.9954195245182689
TRIM68,0.35793835,0.8452211126961484,0.9954195245182689
SCN11A,0.35642374,0.8473609129814551,0.9954195245182689
AP3D1,0.3551473,0.8487874465049929,0.9954195245182689
TRIM4,0.35465917,0.8487874465049929,0.9954195245182689
ILVBL,0.35378277,0.8487874465049929,0.9954195245182689
KRT79,0.35253152,0.8509272467902995,0.9954195245182689
MSS51,0.35066572,0.8509272467902995,0.9954195245182689
NCR3,0.35063818,0.8509272467902995,0.9954195245182689
RGAG4,0.3502523,0.8509272467902995,0.9954195245182689
ERAP2,0.34986082,0.8509272467902995,0.9954195245182689
PARPBP,0.34858644,0.8516405135520685,0.9954195245182689
CNGA2,0.3483858,0.8516405135520685,0.9954195245182689
ASB11,0.3483295,0.8516405135520685,0.9954195245182689
PCDHGA2,0.3469792,0.8523537803138374,0.9954195245182689
M1AP,0.34643498,0.8530670470756063,0.9954195245182689
VWA5A,0.34605166,0.8537803138373752,0.9954195245182689
SUN5,0.3457836,0.8537803138373752,0.9954195245182689
COQ2,0.3457617,0.8537803138373752,0.9954195245182689
IGSF10,0.3449113,0.854493580599144,0.9954195245182689
ZNF324,0.34434548,0.854493580599144,0.9954195245182689
PLA2G6,0.3440224,0.854493580599144,0.9954195245182689
GPR87,0.3424931,0.8580599144079886,0.9954195245182689
KLHL26,0.34100673,0.8594864479315264,0.9954195245182689
OGN,0.34047797,0.8594864479315264,0.9954195245182689
ABHD2,0.33994076,0.8594864479315264,0.9954195245182689
GRIA1,0.33829638,0.8609129814550642,0.9954195245182689
ZSWIM1,0.33822155,0.8616262482168331,0.9954195245182689
PCDH19,0.33652723,0.862339514978602,0.9954195245182689
SULF2,0.33593592,0.8637660485021398,0.9954195245182689
ARMCX2,0.33534655,0.8651925820256776,0.9954195245182689
ZNF484,0.33516183,0.8651925820256776,0.9954195245182689
PRR14,0.33458808,0.8651925820256776,0.9954195245182689
MINK1,0.33362338,0.8666191155492154,0.9954195245182689
CGNL1,0.33209342,0.8680456490727533,0.9954195245182689
NECAP1,0.33102113,0.8680456490727533,0.9954195245182689
RAB33A,0.33062413,0.8687589158345221,0.9954195245182689
MAP2K3,0.3289231,0.8701854493580599,0.9954195245182689
GGA2,0.32839555,0.8701854493580599,0.9954195245182689
CUEDC1,0.32715502,0.8701854493580599,0.9954195245182689
CLP1,0.3261368,0.8701854493580599,0.9954195245182689
BMP1,0.32560372,0.8701854493580599,0.9954195245182689
SHROOM1,0.32467777,0.8708987161198288,0.9954195245182689
CA7,0.31971672,0.8730385164051355,0.9954195245182689
VWA8,0.31942275,0.8730385164051355,0.9954195245182689
SOST,0.3191194,0.8730385164051355,0.9954195245182689
CRISPLD2,0.3189565,0.8730385164051355,0.9954195245182689
ASB10,0.31857002,0.8730385164051355,0.9954195245182689
FAM71A,0.31700492,0.8751783166904422,0.9954195245182689
F7,0.3133039,0.8780313837375178,0.9954195245182689
TBX5,0.3130204,0.8780313837375178,0.9954195245182689
RPL36AL,0.31269428,0.8787446504992867,0.9954195245182689
SAMD15,0.3120408,0.8787446504992867,0.9954195245182689
PGAM4,0.31105724,0.8794579172610556,0.9954195245182689
DAK,0.31035608,0.8794579172610556,0.9954195245182689
RAB38,0.3099358,0.8794579172610556,0.9954195245182689
FAM217A,0.30982462,0.8794579172610556,0.9954195245182689
CHML,0.30962604,0.8794579172610556,0.9954195245182689
SLCO2B1,0.30757615,0.8794579172610556,0.9954195245182689
INPP5E,0.30751768,0.8794579172610556,0.9954195245182689
UPK1A,0.3064218,0.8801711840228246,0.9954195245182689
LRFN3,0.30625573,0.8808844507845934,0.9954195245182689
GRIN3B,0.3061584,0.8808844507845934,0.9954195245182689
OSM,0.30481476,0.8808844507845934,0.9954195245182689
ADIPOR1,0.30473948,0.8808844507845934,0.9954195245182689
APOA4,0.30459505,0.8815977175463623,0.9954195245182689
ANGPT4,0.30430448,0.8815977175463623,0.9954195245182689
NOTUM,0.30425522,0.8815977175463623,0.9954195245182689
SERTM1,0.2989427,0.8851640513552068,0.9954195245182689
SH3RF1,0.29804024,0.8851640513552068,0.9954195245182689
NLRP9,0.29770395,0.8851640513552068,0.9954195245182689
NOC4L,0.2976415,0.8851640513552068,0.9954195245182689
OR4E2,0.29731044,0.8851640513552068,0.9954195245182689
RASL12,0.29672024,0.8851640513552068,0.9954195245182689
TLDC1,0.2950052,0.8851640513552068,0.9954195245182689
MRVI1,0.29359537,0.8873038516405135,0.9954195245182689
SLC6A12,0.2928629,0.8873038516405135,0.9954195245182689
IGHV1-46,0.2913038,0.8894436519258202,0.9954195245182689
GPR83,0.29039362,0.8894436519258202,0.9954195245182689
PAPPA2,0.28951603,0.8894436519258202,0.9954195245182689
DLGAP5,0.28926155,0.8894436519258202,0.9954195245182689
FGFR4,0.28775668,0.8901569186875892,0.9954195245182689
THSD1,0.2860511,0.891583452211127,0.9954195245182689
TF,0.28454843,0.8922967189728959,0.9954195245182689
ZNF764,0.2837949,0.8930099857346647,0.9954195245182689
XRCC3,0.2835594,0.8930099857346647,0.9954195245182689
SNTN,0.2819479,0.8937232524964337,0.9954195245182689
HIATL2,0.28090212,0.8951497860199715,0.9954195245182689
THBS2,0.27844656,0.8958630527817404,0.9954195245182689
C2orf54,0.27730954,0.8958630527817404,0.9954195245182689
NOP10,0.2752623,0.8965763195435092,0.9954195245182689
SLIT2,0.27331764,0.8972895863052781,0.9954195245182689
SNAPC4,0.27298844,0.8980028530670471,0.9954195245182689
WDR41,0.27292046,0.8980028530670471,0.9954195245182689
GSG2,0.27258193,0.8980028530670471,0.9954195245182689
KIAA1024,0.27241927,0.8987161198288159,0.9954195245182689
BEND3,0.2721972,0.8987161198288159,0.9954195245182689
SPAG16,0.26944733,0.8994293865905849,0.9954195245182689
PRDM2,0.26944727,0.8994293865905849,0.9954195245182689
F12,0.269338,0.9001426533523538,0.9954195245182689
SLC2A10,0.26906213,0.9001426533523538,0.9954195245182689
TFDP3,0.265804,0.9015691868758916,0.9954195245182689
ACSM4,0.2657724,0.9015691868758916,0.9954195245182689
HRASLS5,0.2656737,0.9015691868758916,0.9954195245182689
PUS3,0.26408678,0.9029957203994294,0.9954195245182689
FAM187B,0.26298246,0.9029957203994294,0.9954195245182689
CHST4,0.26271328,0.9044222539229672,0.9954195245182689
YPEL1,0.2623475,0.9044222539229672,0.9954195245182689
OGFOD2,0.26161245,0.905848787446505,0.9954195245182689
ZMAT5,0.26020646,0.9065620542082738,0.9954195245182689
GPA33,0.26005292,0.9065620542082738,0.9954195245182689
ZNF157,0.25899097,0.9072753209700428,0.9954195245182689
HSD17B1,0.25809836,0.9072753209700428,0.9954195245182689
APEX2,0.25674787,0.9079885877318117,0.9954195245182689
ARMCX1,0.25441873,0.9079885877318117,0.9954195245182689
ABHD8,0.25121528,0.9087018544935805,0.9954195245182689
PAGR1,0.24996607,0.9087018544935805,0.9954195245182689
SLC2A8,0.24947163,0.9087018544935805,0.9954195245182689
BBOX1,0.24834366,0.9108416547788873,0.9954195245182689
OR6C65,0.24746323,0.9108416547788873,0.9954195245182689
CYP27B1,0.24739328,0.9108416547788873,0.9954195245182689
PRLHR,0.24624231,0.9115549215406562,0.9954195245182689
TFAP2B,0.24605866,0.9115549215406562,0.9954195245182689
PRDM8,0.24283284,0.912981455064194,0.9954195245182689
MICU1,0.24225926,0.9136947218259629,0.9954195245182689
DLGAP3,0.24156734,0.9144079885877319,0.9954195245182689
CAMSAP1,0.24079,0.9151212553495007,0.9954195245182689
NWD1,0.24045545,0.9158345221112696,0.9954195245182689
NMRK2,0.23901933,0.9158345221112696,0.9954195245182689
LILRA2,0.23875296,0.9158345221112696,0.9954195245182689
TTLL4,0.2361748,0.9165477888730386,0.9954195245182689
GPR4,0.23583734,0.9172610556348074,0.9954195245182689
NPAS1,0.2347094,0.9172610556348074,0.9954195245182689
PCDHA9,0.2339256,0.9179743223965763,0.9954195245182689
FLRT1,0.23353636,0.9179743223965763,0.9954195245182689
TENM2,0.22911218,0.920114122681883,0.9961977479731978
CNTN2,0.22896236,0.920114122681883,0.9961977479731978
PCDHGB1,0.22827396,0.920827389443652,0.996200133290005
SLC26A5,0.22317149,0.9236804564907275,0.9985156786601151
CHST12,0.22048613,0.9243937232524965,0.9985162731509233
FRMD7,0.21696551,0.9279600570613409,1.0
ANKRD27,0.21691273,0.9279600570613409,1.0
FASTK,0.21488266,0.9293865905848787,1.0
OR4K1,0.21410896,0.9293865905848787,1.0
TTF1,0.2124964,0.9315263908701854,1.0
CLEC3B,0.21136169,0.9315263908701854,1.0
ASXL3,0.20864175,0.9322396576319544,1.0
NOP14,0.20687902,0.9336661911554922,1.0
LRRC66,0.20610233,0.9343794579172611,1.0
CYP2C8,0.20399633,0.9350927246790299,1.0
SLC19A1,0.20276062,0.9350927246790299,1.0
CCDC126,0.20258956,0.9350927246790299,1.0
C2orf16,0.20181777,0.9358059914407989,1.0
ZNF527,0.20132841,0.9358059914407989,1.0
NLRP11,0.19995753,0.9379457917261056,1.0
CCER1,0.1989563,0.9386590584878745,1.0
AADACL4,0.19829063,0.9400855920114123,1.0
KRT83,0.19551896,0.942225392296719,1.0
CDH18,0.19394185,0.942225392296719,1.0
GAP43,0.19302039,0.9429386590584878,1.0
CYP2A13,0.19234388,0.9443651925820257,1.0
FCGR2A,0.18964423,0.9457917261055635,1.0
TPPP2,0.18810055,0.9472182596291013,1.0
IYD,0.18112652,0.949358059914408,1.0
FBLN7,0.17977846,0.9500713266761769,1.0
ALDH1A3,0.17974843,0.9500713266761769,1.0
OR11H1,0.17733222,0.9507845934379457,1.0
FUT9,0.17679356,0.9514978601997147,1.0
ZNF555,0.1764255,0.9529243937232525,1.0
SMPD3,0.17527048,0.9529243937232525,1.0
OR1F1,0.17377308,0.9543509272467903,1.0
POLK,0.17308222,0.9550641940085592,1.0
NLRP14,0.17211774,0.9550641940085592,1.0
PTGER2,0.17171794,0.9557774607703281,1.0
PPFIBP2,0.17044361,0.9557774607703281,1.0
KIR2DL1,0.1698807,0.9557774607703281,1.0
RPP38,0.16702561,0.9572039942938659,1.0
PRR19,0.16436827,0.9593437945791726,1.0
C12orf71,0.16196577,0.9629101283880172,1.0
SERPINA9,0.1613179,0.9629101283880172,1.0
ZNF195,0.16089934,0.9629101283880172,1.0
IL18R1,0.15987758,0.9629101283880172,1.0
ERMARD,0.15788648,0.963623395149786,1.0
ZNF839,0.15592903,0.9643366619115549,1.0
RRNAD1,0.1546572,0.9643366619115549,1.0
FKTN,0.15004793,0.9671897289586305,1.0
PTPRD,0.14704989,0.9686162624821684,1.0
XRCC2,0.14685713,0.9693295292439372,1.0
ELOVL2,0.14616494,0.9693295292439372,1.0
OR5B21,0.14614196,0.9693295292439372,1.0
NREP,0.1456602,0.9693295292439372,1.0
MBTPS2,0.14419745,0.9707560627674751,1.0
MUC2,0.1411399,0.9736091298145506,1.0
HTR2B,0.13817798,0.9764621968616263,1.0
CLPSL2,0.1376576,0.9764621968616263,1.0
PSD4,0.13188276,0.978601997146933,1.0
DLL1,0.13093446,0.978601997146933,1.0
UGT2B17,0.13058107,0.978601997146933,1.0
HSD11B1L,0.13032945,0.978601997146933,1.0
TRAM1,0.12598643,0.9807417974322397,1.0
OR7D4,0.12596083,0.9807417974322397,1.0
ZNF20,0.12569585,0.9814550641940085,1.0
EVC,0.1254447,0.9814550641940085,1.0
TCF19,0.12506972,0.9814550641940085,1.0
OR51B6,0.12086418,0.9835948644793152,1.0
SBK2,0.12001302,0.9835948644793152,1.0
LY6G6C,0.119885415,0.9835948644793152,1.0
ADAMTS18,0.11570436,0.985021398002853,1.0
C1QTNF8,0.11409072,0.985021398002853,1.0
ZNF525,0.11340027,0.985021398002853,1.0
CSN1S1,0.11260908,0.985021398002853,1.0
CNTN3,0.10786813,0.985734664764622,1.0
ZNF511,0.10663363,0.9864479315263909,1.0
GAPT,0.10656373,0.9864479315263909,1.0
UNC5CL,0.10607784,0.9871611982881597,1.0
SSX5,0.10579637,0.9871611982881597,1.0
ZNF747,0.10205853,0.9878744650499287,1.0
GABRD,0.10140415,0.9878744650499287,1.0
FCGRT,0.09972522,0.9878744650499287,1.0
IVL,0.09958611,0.9878744650499287,1.0
CD160,0.09846511,0.9885877318116976,1.0
MC2R,0.0936219,0.9900142653352354,1.0
STK33,0.09120548,0.9900142653352354,1.0
ADAD2,0.09046152,0.9900142653352354,1.0
SNX20,0.08931452,0.9900142653352354,1.0
OR5L2,0.0837972,0.9907275320970043,1.0
ZNF658,0.079529725,0.9914407988587732,1.0
OR10G4,0.07762351,0.9921540656205421,1.0
ZNF518B,0.07570511,0.9921540656205421,1.0
FCRL1,0.072173305,0.9921540656205421,1.0
METTL25,0.06939844,0.9921540656205421,1.0
C4orf17,0.06767329,0.992867332382311,1.0
OR5C1,0.06377111,0.9935805991440799,1.0
SLC5A12,0.059580803,0.9964336661911555,1.0
LCE3D,0.05743953,0.9971469329529244,1.0
OR2D3,0.04547189,0.9985734664764622,1.0
CA2,0.039891694,0.9992867332382311,1.0
CNTNAP5,0.036913358,0.9992867332382311,1.0
OR2A14,0.03213528,0.9992867332382311,1.0
UMOD,0.028432872,1.0,1.0
FMO3,0.02577776,1.0,1.0
P2RY2,0.021139957,1.0,1.0
MUC5AC,0.007540526,1.0,1.0
TRAV40,0.0071877693,1.0,1.0
