Hugo_Symbol,Score
ACADM,0.81221676
ACBD3,0.91414833
ADAMTSL4,0.9964636
ADSS,0.84736896
AGBL4,0.8836191
AHDC1,0.89388955
APH1A,0.7960065
APOA1BP,0.4619871
APOA2,0.81498563
ARID1A,0.87815195
ARID4B,0.9723326
ARNT,0.8674634
ASAP3,0.54051584
ASPM,1.0
ASTN1,0.71861446
ATAD3B,0.44435918
ATAD3C,0.3344414
ATP13A2,0.57975185
ATP1A1,0.9347678
ATP8B2,0.4344507
AVPR1B,0.9394241
BROX,0.8904713
C1orf61,0.23290357
C1orf68,0.99525696
CELF3,0.3507481
CENPF,0.6797155
CEP104,0.27797794
CEP170,0.9996345
CFHR4,0.5094311
CHRM3,0.80404687
CLCNKA,0.28678545
COL8A2,0.8570135
CR1,0.9925276
CRB1,0.64970016
CSF1,0.3962573
CSMD2,0.9979843
DARS2,0.726635
DCLRE1B,0.8681278
DNASE2B,0.74100673
DOCK7,0.99956745
EDEM3,0.43978563
EIF4G3,0.9159179
EPHX1,0.40492234
EPRS,0.8065068
EPS8L3,0.91309595
ERO1LB,0.87697786
FAM129A,0.5791192
FBXO2,0.49349126
FCRLB,0.99846303
FLG,0.760664
GBP3,0.37694275
GMEB1,0.87259
GPBP1L1,0.674341
GPR52,0.5716675
GRIK3,0.87272036
GUK1,0.8650435
HLX,0.8278051
HMCN1,1.0
HORMAD1,0.46261206
HTR1D,0.4926039
ILDR2,0.14662471
IRF6,0.92861146
KDM5B,0.8217357
KIAA2013,0.42486387
KIF1B,0.96748483
KIRREL,0.39627644
KLHDC8A,0.6346629
LDLRAP1,0.7062449
LPHN2,0.72963107
LPPR5,0.40898487
LRP8,0.87767565
LRRC8B,0.58017945
LYST,0.85122305
MAB21L3,0.74482334
MACF1,0.9846138
MAP3K6,0.6149514
MMACHC,0.67606664
MORN1,0.30567706
MTF2,0.8030611
NASP,0.70874
NBPF10,0.5584166
NMNAT2,0.87839013
NR1I3,0.75887954
NRAS,0.99999094
NUAK2,0.5287455
OBSCN,0.9667977
OLFML3,0.31365144
OR2T34,0.69889873
OTUD3,0.7937108
PADI3,0.84440297
PDIK1L,0.74877346
PER3,0.9501209
PGBD2,0.66608506
PIGR,0.77087337
PIK3CD,0.44473886
PLEKHN1,0.6377034
PRG4,0.9050454
PRKAA2,0.9009028
PROX1,0.7304574
PTBP2,0.6735547
PTGER3,0.8312029
RASAL2,0.6060416
RBBP5,0.8195287
RCC1,0.69759417
RERE,0.81469893
RNPC3,0.69041413
SCCPDH,0.9933808
SELL,0.2367003
SELP,0.909639
SKI,0.6293677
SLC1A7,0.2906084
SLC2A1,0.53636247
SLC30A7,0.17021464
SLC35F3,0.7880074
SOX13,0.87398297
SPEN,0.8316092
SPTA1,0.8626997
STRIP1,0.4941946
TACSTD2,0.15088592
TBCE,0.7745519
TCHHL1,0.85873
THBS3,0.7815965
NDC1,0.7024447
TOR1AIP2,0.7519381
TP73,0.92566544
TRIM45,0.87921757
TTC13,0.99960536
UBR4,0.8217243
USH2A,0.9999962
USP1,0.7244429
VCAM1,0.9990252
VPS45,0.3534543
VSIG8,0.81760645
WASF2,0.67784756
WDR63,0.5958739
WDR78,0.25380164
YRDC,0.5877302
ZBTB37,0.5459846
ZC3H11A,0.921299
ZNF697,0.9975937
ABCA7,0.53879577
ACPT,0.40785396
ALDH16A1,0.9615803
ANKLE1,0.319474
ARHGAP33,0.61098117
ARHGAP35,0.74396205
ARRDC5,0.22687446
ASNA1,0.5457395
ATCAY,0.6585228
ATF5,0.31891817
ATP4A,0.88041526
B3GNT8,0.9352546
BEST2,0.43661603
C2CD4C,0.69720113
CAMSAP3,0.9736128
CARD8,0.7819199
CBLC,0.52077484
CCDC151,0.25104776
CD320,0.97170466
CD97,0.5380135
CHERP,0.60129035
CHMP2A,0.81923693
CIC,0.99962926
CNOT3,0.98890734
COL5A3,0.78378576
DHDH,0.5667695
DNM2,0.86909693
DNMT1,0.79375166
EML2,0.92845625
ERCC1,0.9189447
ETV2,0.66309
FAM71E2,0.28689906
FAM98C,0.27281103
FBN3,0.7937679
FCGBP,0.92955506
FLT3LG,0.16814868
FUZ,0.4711653
GATAD2A,0.5909525
GRIN3B,0.45081082
HMHA1,0.36407655
IGSF23,0.44344038
ILVBL,0.69631827
IZUMO1,0.4798522
KCNC3,0.80929554
KCTD15,0.59376365
KIR3DL1,0.20064214
KLK10,0.9458921
KLK11,0.81248456
LDLR,0.7186091
LIPE,0.5499592
LPHN1,0.7770872
LRRC4B,0.82115346
LTBP4,0.63773865
MAG,0.7557329
MCOLN1,0.36353603
MEGF8,0.8417808
KMT2B,0.93262446
MRI1,0.46730304
MUC16,0.97259665
MYPOP,0.5915644
NACC1,0.33811715
NAT14,0.2918442
NLRP12,0.90756196
NLRP9,0.3642406
NOTCH3,0.9983669
ONECUT3,0.69323915
PAF1,0.99956423
PCSK4,0.30717367
PLIN5,0.96990687
PNMAL2,0.29630783
PNPLA6,0.42256755
PPP5D1,0.15747267
PPP6R1,0.80568683
PRSS57,0.9898775
PTBP1,0.8031685
RAD23A,0.9875717
RDH13,0.5795171
REEP6,0.5770091
REXO1,0.67106843
RPS5,0.85463643
RTN2,0.3926645
RYR1,0.99901664
S1PR5,0.2851779
SAE1,0.884538
SAFB,0.9742594
SCAF1,0.734481
SEMA6B,0.6831435
SIGLEC11,0.6053726
SIGLEC9,0.8412564
SIN3B,0.68352264
SLC25A42,0.45634642
SLC5A5,0.4667572
SPACA4,0.29515705
SPC24,0.9391586
SPIB,0.29399487
SPTBN4,0.99749726
SSC5D,0.78643805
SYCE2,0.40943447
SYMPK,0.7738257
TMEM147,0.48975506
TMEM259,0.27277935
TRIM28,0.95636845
TYK2,0.73400635
WDR62,0.9962739
WDR87,0.32201257
WDR88,0.9998128
ZC3H4,0.93993735
ZFR2,0.571941
ZNF135,0.59480804
ZNF296,0.7086431
ZNF30,0.37152278
ZNF433,0.18161349
ZNF490,0.91874415
ZNF491,0.22546005
ZNF506,0.330425
ZNF525,0.39513132
ZNF540,0.6422868
ZNF541,0.1867649
ZNF555,0.43136343
ZNF606,0.43847704
ZNF615,0.50805753
ZNF675,0.31456727
ZNF699,0.5887172
ZNF812,0.19973432
ZNF836,0.99884415
ZNF85,0.44081384
ZNF850,0.30421674
ZNF880,0.4669506
ACER3,0.4052516
ADRBK1,0.7938597
ALG9,0.99976546
ANO3,0.9912691
AP5B1,0.4467555
APOA4,0.99998045
ARAP1,0.99887747
ARHGAP1,0.5941262
ARHGEF17,0.99793565
ASRGL1,0.5364203
ATM,0.9993082
BIRC2,0.8652133
CBL,0.94663405
CHKA,0.82705486
CKAP5,0.8208339
CLP1,0.2847746
CNTN5,0.9999976
CPT1A,0.61729485
CTNND1,0.8270915
CTSD,0.614437
CTSW,0.9780065
DAK,1.0
DBX1,0.65516263
DLG2,0.94889504
DPP3,0.6302077
EHBP1L1,0.83535415
ELMOD1,0.2604646
EXPH5,0.9609909
FAM118B,0.7616849
FAR1,0.9084685
FAT3,0.98584586
FOLR1,0.9994342
FOLR2,0.4177564
FOLR3,0.37855282
GRAMD1B,0.9591795
GRIA4,0.8826244
IGSF9B,0.99502665
INTS4,0.7176046
KCNK7,0.71700776
KDM2A,0.687929
MED19,0.97570974
MTA2,0.73231745
MUC5B,0.96426356
MUC6,0.99198735
NLRP6,0.9919715
NXF1,0.99999857
ODF3,0.21661153
OR4C6,0.29708517
OR51E1,0.4050104
OR51L1,0.9936162
OR5J2,0.1085804
PACS1,0.4965343
PGR,0.91606945
PIK3C2A,0.8932894
PPFIA1,0.995424
PTGDR2,0.5743843
QSER1,0.52114326
RNASEH2C,0.26588398
ROBO3,0.3688889
RRAS2,0.9908215
RSF1,0.9586657
SART1,0.7146292
SLC1A2,0.36803505
SLC43A1,0.8074423
SNX19,0.9972609
SORL1,0.99948263
SRPR,0.8688535
ST3GAL4,0.9975103
ST5,0.7104962
TENM4,0.87001556
TIRAP,0.5444423
TPH1,0.52785504
TRIM44,0.7452331
WDR74,0.7479591
AAK1,0.30811498
ACMSD,0.77951854
ACOXL,0.51560664
ADAM17,0.8340824
ADAM23,0.9946408
ALPI,0.50287133
ALPPL2,0.45950252
ANO7,0.56608456
APOB,0.75171274
ARPC2,0.8134987
ASNSD1,0.63062936
ASXL2,0.7992586
ATAD2B,0.826298
ATG4B,0.67361397
ATL2,0.37055448
ATP6V1C2,0.34385934
BIRC6,0.99996495
C2orf16,0.81611377
CAD,0.8045538
CCDC142,0.6559572
CCNT2,0.7298634
CEBPZ,0.7961075
CHAC2,0.14242174
CLK1,0.8845921
CNNM4,0.99940884
COL3A1,0.6794622
COQ10B,0.99999034
CSRNP3,0.42536366
CTNNA2,0.78906435
CUL3,1.0
CWC22,0.60888493
DCTN1,0.81532997
DIS3L2,0.7413712
DLX2,0.9989548
DNAH6,0.93482363
DPP4,0.72641605
DPYSL5,0.84039855
DTNB,0.92350626
DYSF,0.8571598
EGR4,0.687366
EIF5B,0.5267449
EPC2,0.5227119
EPT1,0.9552811
ETAA1,0.4390262
EVA1A,0.57276064
EXOC6B,0.36806136
FAM117B,0.62805814
FARP2,0.625112
FARSB,0.64875966
GAD1,0.8867308
GAL3ST2,0.42097026
GPR39,0.1489281
GRB14,0.665783
GULP1,0.53594553
HDLBP,0.6671823
HOXD9,0.7185194
IGKV3D-11,0.44605616
IL18RAP,0.9988815
IL1RL1,0.34470594
IL36A,0.72313946
INPP5D,0.6649005
KCNE4,0.9544509
KIDINS220,0.78422713
KIF3C,0.6445011
LCT,0.9125547
LHCGR,0.92336476
LRP1B,0.9915474
LRP2,0.8420042
LRRTM4,0.18964064
MAP3K2,0.61211
MAT2A,0.7012983
MCM6,0.76414126
MERTK,0.35640764
MFSD2B,0.5438462
MSH6,0.74093336
MTA3,0.6581405
MTIF2,0.43221748
MYCN,0.9701313
NEB,0.998906
NT5C1B,0.62440735
OBSL1,0.99945754
PAX8,0.44783783
PLCL1,0.88317966
POLE4,0.2123942
POLR1A,0.9860911
PSME4,0.78110415
PTCD3,0.41783962
PTMA,0.9823959
QPCT,0.563664
RAB3GAP1,0.80452013
RANBP2,0.8588866
RGPD4,0.21986456
RGPD8,0.41596287
RIF1,0.7495299
SCN7A,0.7812025
SCN9A,0.84260565
SLC38A11,0.32667887
SLC39A10,0.39460132
SLC4A10,0.25885287
SMARCAL1,0.5870596
SMPD4,0.5782797
SNRNP200,0.8311843
SOS1,0.99065816
SP100,0.5186365
SP140,0.12779552
SP5,0.98946977
SPHKAP,0.9540534
SPRED2,0.89961696
STAT1,0.99761176
STK11IP,0.93161833
STON1-GTF2A1L,0.22120781
TAF1B,0.69105464
TGFBRAP1,0.39996332
TMEM182,0.5132939
TRIP12,0.9946743
TTC27,0.9684256
TTLL4,0.5079462
UBXN4,0.8744619
USP34,0.58360136
USP39,0.75846285
USP40,0.8450874
VRK2,0.58310413
WBP1,0.7234397
WDFY1,0.6620854
XDH,0.50746405
XPO1,0.9979286
YWHAQ,0.985329
AARSD1,0.7046786
ABCA5,0.7797974
ABHD15,0.5155227
ACACA,0.7319326
ACE,0.94664955
ACLY,0.7496469
ALOX12B,0.22174686
ARSG,0.45749626
ATAD5,0.94376254
BPTF,0.7013476
C17orf96,0.4732588
C17orf98,0.6026963
C1QTNF1,0.28812304
CASC3,0.8728611
CASKIN2,0.3189119
CCDC40,0.35537517
CCDC43,0.8405012
CD300E,0.61380285
CLTC,0.96663576
COG1,0.8932808
DHRS7C,0.72619736
DNAH17,0.9995459
EFCAB5,0.3850887
ERBB2,0.99067336
EVPLL,0.4636957
FAM83G,0.99625766
FBXW10,0.48948595
FOXK2,0.74187243
GAS2L2,0.58104235
GGA3,0.9915275
GRB7,0.42917922
HELZ,0.7768809
ICT1,0.88208556
ITGB3,0.7592094
KCNH6,0.7294276
KIAA0100,0.9006732
KIAA0195,0.7540191
KRT19,0.7110585
KRT23,0.5242267
KRT33B,0.43254763
KRT38,0.90335315
KRT9,0.58505666
KRTAP4-3,0.52104694
LIG3,0.856929
LLGL2,0.8550128
LRRC37A,0.8789957
LUC7L3,0.9666018
10-Mar,0.6420996
MED1,0.83384305
MKS1,0.31489703
MLX,0.8707542
MRC2,0.7621929
MYH10,0.98711306
MYH8,0.628877
MYO15A,0.9159642
MYO18A,0.96903956
MYO1D,0.25686264
MYOCD,0.62720215
NCOR1,0.95594984
NF1,0.9588411
NLGN2,0.99762446
NUP88,0.28037727
OSBPL7,0.81850225
OXLD1,0.61445254
PCYT2,0.37797698
PELP1,0.96594983
POLDIP2,0.35399023
PPM1D,0.736619
QRICH2,0.45040807
RHOT1,0.76789796
RNF213,0.7789694
RPL26,0.76639354
SAMD14,0.38945642
SHISA6,0.21398403
SKAP1,0.7717162
SLC35G6,0.35865548
MIEF2,0.39999256
SP6,0.608312
SPAG7,0.84923434
SPNS3,0.726858
SRP68,0.50790477
STAT3,0.99389017
THRA,0.74319667
TMEM102,0.28537732
TNK1,0.6575588
TP53,0.99999285
TRIM16,0.35517627
TRIM37,0.9216611
TSPAN10,0.19718446
TUBG2,0.63706774
UNC13D,0.8433214
WDR45B,0.75079775
WDR81,0.7222829
ZBTB4,0.8540835
ZZEF1,0.7905452
ABTB1,0.4362541
ACTR8,0.2561672
AMT,0.48546013
ATP2B2,0.92935675
ATR,0.98300123
ATRIP,0.7128465
BRPF1,0.7252046
CADM2,0.3582922
CAND2,0.5308401
CAPN7,0.8024259
CCDC14,0.4900577
CCDC54,0.33094972
CHMP2B,0.55729634
CHST2,0.98067755
COL6A5,0.33508807
COPG1,0.9400184
DCUN1D1,0.9888609
DENND6A,0.54850405
DGKG,0.8999903
DHFRL1,0.030001473
DHX30,0.9877379
DNAJC13,0.9887919
DOCK3,0.39280784
DYNC1LI1,0.8195182
EDEM1,0.50596595
EMC3,0.27475923
EPHA3,0.61287814
EPHA6,0.21466239
FBXO45,0.5539342
FILIP1L,0.5763275
GOLGB1,0.99848807
GPR160,0.18479432
GPR87,0.6882607
GPX1,0.99621624
GTF2E1,0.56569654
HACL1,0.3800845
IGF2BP2,0.9169788
IL17RD,0.8080791
IQCF6,0.52190715
ITPR1,0.9997429
LMOD3,0.525321
LSAMP,0.8919915
LTF,0.99513185
MCF2L2,0.9994097
MED12L,0.63324654
MSL2,0.57002187
MYH15,0.45022935
NEK10,0.63612545
NISCH,0.91777205
NPHP3,0.8181575
OR5H1,0.2655129
P2RY13,0.22247645
PARP14,0.648522
PARP15,0.6546087
PDZRN3,0.28282946
PIK3CA,0.9896717
PIK3CB,0.9939803
PLXND1,0.5352886
POPDC2,0.15522791
PRICKLE2,0.7245228
PTPN23,0.58725995
PVRL3,0.71173835
QRICH1,0.9719731
RBP1,0.11162493
SATB1,0.19987763
SEMA5B,0.53541917
SETD5,0.92880315
SHOX2,0.9999485
SI,0.32230076
SLC12A8,0.75449383
SLC26A6,0.5334278
STAB1,0.99039674
SUCLG2,0.31777665
TFRC,0.73695016
TP63,0.99277747
TREX1,0.95833313
TTC14,0.57132196
UMPS,0.8572053
USP13,0.73776287
USP19,0.7318653
ZBTB11,0.4723411
ZNF717,0.9443009
BAI3,0.8290752
BEND3,0.40478048
BTN2A2,0.99798393
TBC1D32,0.5413171
ERMARD,0.98935765
COL12A1,0.8147475
COL21A1,0.6762569
DACT2,0.5654494
DOPEY1,0.9303353
ENPP3,0.18592334
EYS,0.46201426
FAM83B,0.8040161
FNDC1,0.78500134
FOXQ1,0.5003885
FRMD1,0.30368796
FRS3,0.7815234
CMTR1,0.40139097
GJA1,0.9217744
GPR115,0.40917695
GRM4,0.12920193
HIST1H1B,0.3744911
HIST1H1C,0.6417833
HIST1H2AI,0.2142203
HIST1H2BF,0.07457388
HIST1H3H,0.62160105
HIST1H4A,0.7859952
HIST1H4B,0.6843023
HIST1H4G,0.15465188
HIVEP1,0.8035014
HIVEP2,0.46690735
IGF2R,0.914607
IRAK1BP1,0.3515703
IRF4,0.9887729
ITPR3,0.9927927
JARID2,0.862048
KIAA1586,0.71797305
KIF6,0.5703041
KLC4,0.7268659
KLHDC3,0.5909099
LAMA2,0.8263291
LPA,0.99723804
LRFN2,0.5329203
MAP7,0.8314083
MDN1,0.88753915
ME1,0.6619995
MED23,0.94886845
MLLT4,0.8224493
MRAP2,0.109710015
MTO1,0.6583845
NCOA7,0.79588854
NFKBIL1,0.58850634
PBOV1,0.18052289
PDE10A,0.9999851
PHF3,0.6695886
PKHD1,0.5396003
PPP1R18,0.64778304
PPP2R5D,0.99333537
RAET1L,0.41886836
REV3L,0.8672627
RIMS1,0.9981425
RING1,0.826437
RNF182,0.92443717
RNF8,0.829123
SEC63,0.98860395
SERINC1,0.10218526
SIRT5,0.7689252
SKIV2L,0.9558012
SLC17A4,0.25639522
SLC25A27,0.85411245
SPACA1,0.8050347
SYNE1,0.9460617
SYNJ2,0.86087185
TAAR9,0.56143916
TAB2,0.8776294
TDRD6,0.7979538
TNXB,0.60842335
TREML4,0.25847155
TTBK1,0.96456504
TTK,0.95948416
TUBB,0.81379575
TULP4,0.46683708
UBD,0.27731025
UBE3D,0.7885849
ULBP2,0.78417194
UTRN,0.9849187
ZBTB9,0.45383996
ZNF184,0.23068519
A2M,0.99168116
ABCC9,0.84668213
ADAMTS20,0.39234927
AMHR2,0.41598037
AVIL,0.7908191
BCDIN3D,0.88728356
BIN2,0.5814482
C12orf40,0.12959717
CACNA1C,0.9882537
CALCOCO1,0.77532524
CAPS2,0.42914435
CAPZA3,0.97156996
CCDC64,0.3871706
CEP290,0.6478536
CKAP4,0.74206185
DCTN2,0.82783055
DDX54,0.8916079
E2F7,0.39757338
EID3,0.56309694
EMG1,0.98609966
EPS8,0.9513612
ERC1,0.7668912
FAM60A,0.89090073
FGD4,0.95117086
FOXM1,0.9567643
FOXN4,0.7409593
GCN1L1,0.93240106
GDF3,0.99536055
GIT2,0.667633
GLT1D1,0.36565816
GNS,0.8609398
GOLGA3,0.7585772
GRIN2B,0.84526974
GRIP1,0.865027
HECTD4,0.99690694
HOXC4,0.62254006
HRK,0.6235866
HSP90B1,0.8969353
ITGA7,0.9215054
KCNH3,0.79777545
KDM5A,0.49525213
KIAA1551,0.9979108
KLRC4,0.97819114
KNTC1,0.78538716
KRAS,0.9999995
KRT6A,0.4563861
KRT73,0.5302874
KRT80,0.55177784
KRT85,0.44155124
LETMD1,0.8742658
LPAR5,0.991338
LRRK2,0.9726414
MARS,0.97941005
KMT2D,0.96817565
NANOG,0.96202767
NAV3,0.89561063
NCOR2,0.6872686
NRIP2,0.94142574
PA2G4,0.9341949
PDE3A,0.9054054
PIK3C2G,0.9982681
PLCZ1,0.9881728
PLXNC1,0.9848475
POLR3B,0.95682377
PPFIA2,0.92595226
PPM1H,0.78647196
PRMT8,0.9844209
PRR4,0.98432595
PTPRO,0.62680024
PUS1,0.7248133
RACGAP1,0.5888322
RAN,0.81583
RAP1B,0.48954052
RFX4,0.31349945
RPLP0,0.84786147
SART3,0.78304666
SBNO1,0.8642147
SLC16A7,0.65765095
SLC8B1,0.4597727
SLC35E3,0.58001083
SPRYD3,0.78642225
SSPN,0.99277884
SYCP3,0.23793206
TAOK3,0.1928297
TAS2R43,0.9229845
TMEM132C,0.5197676
TMEM132D,0.26791427
TUBA1A,0.8915234
TUBA1C,0.73153657
TULP3,0.7436726
TXNRD1,0.9961443
ULK1,0.7782869
USP5,0.81694716
VPS33A,0.3652813
VPS37B,0.44331017
WNK1,0.9961869
WNT5B,0.9151924
YARS2,0.9666353
ZFC3H1,0.7877284
ZNF268,0.32324487
ABCA13,0.90057003
ABCF2,0.9997929
ADAM22,0.9364791
AP1S1,0.97864586
AUTS2,0.96933
BZW2,0.73054826
CAMK2B,0.656532
CASD1,0.82227904
CCT6A,0.8487887
CDK14,0.959176
CHST12,0.276195
COBL,0.72218895
COG5,0.72594994
CREB5,0.86106837
CROT,0.4466041
CTTNBP2,0.6654367
CYTH3,0.560019
DBNL,0.8098202
DGKI,0.9938651
EGFR,0.9999994
ELN,0.53015393
EPHB4,0.7685662
FAM126A,0.59125483
FERD3L,0.90061563
FEZF1,0.6009751
FGL2,0.94972366
GALNTL5,0.9083431
GLI3,0.9275672
GNAT3,0.6105916
GPR37,0.62633634
GRB10,0.48923457
GRM8,0.2596413
GSTK1,0.6599455
HOXA3,0.75564754
HTR5A,0.5932494
INTS1,0.96746653
ITGB8,0.47903693
KCND2,0.3150293
KIAA1324L,0.949817
KPNA7,0.28415114
KRBA1,0.64701325
LRCH4,0.31435123
LRGUK,0.87772644
LRRD1,0.50400895
LUC7L2,0.8218351
MAGI2,0.96296924
KMT2C,0.7804451
NACAD,0.763411
NPC1L1,0.49943087
OR2A12,0.35105607
OR2A2,0.4005649
PARP12,0.1913327
PCLO,0.9993761
PCOLCE,0.5890671
PKD1L1,1.0
PLXNA4,0.93121237
PPP1R17,0.3968877
PPP1R3A,0.7457511
PVRIG,0.79061526
RBAK,0.37492794
RNF216,0.76341075
SCIN,0.95836216
SCRN1,0.5077787
SP8,0.47650224
THAP5,0.33600634
TMEM176A,0.9337712
TMEM229A,0.9002102
TPST1,0.38649362
TRIP6,0.8230202
TRPV5,0.7752863
TRPV6,0.30543232
UBE3C,0.6444367
UPK3BL,0.67786056
WASL,0.69334275
WBSCR22,0.37840366
YKT6,0.7970363
ZNF12,0.796851
ZNF273,0.28003576
ZNF277,0.55370694
ZNF425,0.5447193
ZNF775,0.6086819
ZNF862,0.7635898
ACSL6,0.6649013
ADCY2,0.9680953
ANKHD1,0.81515694
ARSB,0.95035493
ARSI,0.32726392
BOD1,0.38772783
C5orf49,0.27629933
CCDC152,0.3408401
CD180,0.49948642
CDK7,0.9614779
CHD1,0.9604682
DIAPH1,0.6448767
DMXL1,0.7532435
DNAH5,0.8671071
DNAJC18,0.20664766
DND1,0.6927223
EBF1,0.87117565
FAM170A,0.18985218
FAM193B,0.36436537
FAM196B,0.48540878
FEM1C,0.45993054
GABRA1,0.9896924
GABRG2,0.9311172
GEMIN5,0.5324511
GPRIN1,0.68640697
GRIA1,0.3709544
HCN1,0.95652306
HK3,0.620599
HMMR,0.52604604
IK,0.8097996
IPO11,0.8014802
KDM3B,0.99503493
LMNB1,0.76553386
MAP1B,0.8947149
6-Mar,0.9689621
MEGF10,0.9999944
MIER3,0.95789224
MSX2,0.9952773
NDST1,0.35672262
NIPBL,0.97341454
NKX2-5,0.25696123
NLN,0.48264235
NSD1,0.907271
PAIP2,0.6703475
PCDHA6,0.3390454
PCDHB14,0.99792993
PCDHB4,0.74796784
PCDHGA4,0.29463896
PCDHGA8,0.28517544
PCDHGA9,0.5707804
PDE6A,0.64958054
POU4F3,0.23962124
PPWD1,0.8704014
PRDM9,0.33351824
PRLR,0.19049358
PRRC1,0.36881217
RAB24,0.65916806
RAI14,0.56634635
RAPGEF6,0.9644364
SDHA,0.78326106
SEMA6A,0.6815986
SERINC5,0.75120974
SGTB,0.85836035
SIL1,0.82332087
SLC12A7,0.6849565
SLC23A1,0.48810297
SLC25A46,0.6842229
SLC4A9,0.999443
SLIT3,0.99938774
SPEF2,0.72028613
SQSTM1,0.85298866
STK10,0.7425892
TAF7,0.49189627
TCOF1,0.900907
TNIP1,0.73303425
TNPO1,0.98349714
TRIM23,0.99974364
ZFP2,0.7083859
ACIN1,0.9954986
ADAM21,0.09565262
AHNAK2,0.9189761
ARID4A,0.77264196
ATG2B,0.995214
ATP5S,0.50147265
BTBD7,0.98920244
C14orf159,0.18839528
CCNK,0.73666024
CDH24,0.619851
CDKN3,0.605798
CEP128,0.5962171
CHGA,0.97895116
DDHD1,0.49531215
DICER1,0.8982609
DLGAP5,0.43191162
DLK1,0.8046661
EDDM3B,0.10732381
EIF2B2,0.7784009
EMC9,0.62267214
EXOC3L4,0.35390416
FAM181A,0.30205235
FANCM,0.88898057
FOXA1,0.9949656
IGHA1,0.37695524
IGHM,0.337735
IGHV3-53,0.6600131
ISM2,0.97884196
JAG2,0.42136937
CEP170B,0.7463804
KLHDC2,0.5707307
LTB4R2,0.25752747
MARK3,0.99833715
MYH6,0.48203668
NRL,0.4404076
OTX2,0.9967681
PLEKHH1,0.93751556
PNN,0.96961236
PPP1R36,0.7432414
RBM23,0.47668323
RBM25,0.64959896
RNF31,0.98629147
RPGRIP1,0.810471
RPS6KA5,0.7371073
SEL1L,0.7740302
SNW1,0.9334149
SOCS4,0.99559265
TECPR2,0.9075233
TXNDC16,0.6611245
WDR25,0.9999033
ZFYVE26,0.79287636
ABCC1,0.6356812
ACSM2A,0.5427916
ACSM2B,0.6545804
ADAD2,0.21649061
ANKRD11,0.8808138
AP1G1,0.89928263
ATF7IP2,0.63479567
ATP2A1,0.38251075
ATP6V0D1,0.81151056
AXIN1,0.9992823
BANP,0.76923907
C16orf70,0.7531107
C16orf78,0.47169957
CACNA1H,0.9461305
CAPNS2,0.34548
CDH15,0.27950507
CDR2,0.67408353
CDYL2,0.93269444
CES3,0.8007879
CHST5,0.3401934
CIRH1A,0.99677074
CLN3,0.83603364
CNTNAP4,1.0
CRAMP1L,0.45904967
CREBBP,0.9977168
EDC4,0.9149385
EMC8,0.98367345
ENKD1,0.52875835
GPR114,0.8525136
HN1L,0.23189212
HSF4,0.9442742
IFT140,0.92767
IL17C,0.42527276
IRX3,0.67984277
ITGAX,0.98884845
KNOP1,0.41819063
LRRC36,0.9971206
NOMO1,0.77548945
NRN1L,0.2906328
NTHL1,0.20916155
PDPK1,0.5870701
PHKB,0.58271056
PKD1,0.6544389
POLR3E,0.8703902
PRDM7,0.93685365
RANBP10,0.47774798
SNX20,0.058897574
SOCS1,0.7814586
SRCAP,0.99999154
ST3GAL2,0.5977565
TELO2,0.8055348
TEPP,0.3742644
THAP11,0.9969229
TMEM8A,0.4669317
VPS9D1,0.99413633
ZFHX3,0.8283124
ZNF276,0.7440434
ZNF469,0.90471274
ZNF646,0.59203804
ZNF75A,0.5573298
ZNF785,0.46553278
ZP2,0.14163336
ZSCAN10,0.9954294
ABCA2,0.8074266
ADAMTSL1,0.7796255
ALDH1B1,0.7978231
ALDOB,0.83886296
ANAPC2,0.9280645
ANKRD20A1,0.41976544
BNC2,0.8529716
C5,0.7483942
C9orf139,0.7050707
CAMSAP1,0.54484487
CEL,0.9689642
CENPP,0.41131836
CNTFR,0.7225405
COL15A1,0.6526259
CRB2,0.5187847
DENND1A,0.31478798
DENND4C,0.7331597
FBXW5,0.87156445
FOCAD,0.48191342
FOXD4,0.28722903
FOXE1,0.7024759
FREM1,0.78615564
FRMPD1,0.53717226
GNAQ,0.7154555
GOLGA2,0.9998574
HAUS6,0.67482936
HSPA5,0.8954048
JAK2,0.99970907
LCN1,0.9991691
MAN1B1,0.40456784
MLLT3,0.9982152
MURC,0.2512295
NEK6,0.9666664
NFX1,0.8486065
NOTCH1,0.99995756
NPR2,0.9812005
NTNG2,0.9999902
OR5C1,0.09932494
PCSK5,0.87222916
PRRC2B,0.63315237
PTGR1,0.42360008
RC3H2,0.9322633
RECK,0.85156083
RNF20,0.9992361
SEC16A,0.61244375
SECISBP2,0.99967265
SETX,0.782732
SLC24A2,0.9998524
SPTAN1,0.87854284
SURF4,0.4437631
TAF1L,0.7047233
TTF1,0.5620263
UBAP2,0.50835204
ZNF189,0.52883077
ZNF462,0.6843402
ZNF483,0.8186961
ZNF782,0.9334683
ABCD1,0.4401648
ACOT9,0.7527727
AFF2,0.47986317
AMMECR1,0.5160991
ARHGAP4,0.12472087
ARMCX5,0.21203338
ASB9,0.9818709
BRS3,0.536436
BRWD3,0.78582495
CCNB3,0.48374158
CHRDL1,0.9348427
COL4A5,0.34812018
CHDC2,0.43719605
DCAF8L1,0.32867932
DCAF8L2,0.26821828
DDX3X,0.99751914
DMD,0.9980368
FGD1,0.97893244
FLNA,0.99532604
GLA,0.7320682
GNL3L,0.7362786
GPRASP1,0.719747
HEPH,0.5571618
HMGN5,0.9504469
HUWE1,0.99727005
KLHL13,0.6511321
LANCL3,0.33739248
MAGEB10,0.28188634
MAGEC1,0.87555534
MAGED1,0.8671139
MED14,0.6760582
NAP1L3,0.53009456
NDP,0.61001223
NHS,0.650942
NR0B1,0.47241747
OGT,0.724045
PAK3,0.8158743
PCYT1B,0.97819793
PHEX,0.99678326
PHKA1,0.92257345
POLA1,0.8007247
PORCN,0.60717183
PPEF1,0.9993481
PRRG1,0.39348575
REPS2,0.6150427
RGAG1,0.475135
RPGR,0.45716542
SAGE1,0.347006
SASH3,0.7013647
SLC25A5,0.76503676
SMS,0.55384773
SYTL4,0.9998091
TAB3,0.47141284
TAF9B,0.31709567
TCEANC,0.32018742
TKTL1,0.9972258
TLR7,0.25751123
UBE2NL,0.18078339
VSIG4,0.6808707
WDR45,0.957299
WNK3,0.9038715
XIAP,0.90574855
XPNPEP2,0.13380647
KRBOX4,0.16317791
ACTA2,0.88957435
ANK3,0.9367465
ANKRD30A,0.9999865
ARHGAP19,0.31133574
ARMC3,0.86742985
ASCC1,0.5084689
BEND7,0.84494287
BMS1,0.540336
EDRF1,0.64405185
C10orf2,0.4648044
C10orf76,0.34373584
CCAR1,0.73470646
CDHR1,0.9533949
CHST3,0.3235919
CTBP2,0.6951414
CYP17A1,0.38594764
DNAJC12,0.99747986
DPCD,0.9002153
EBF3,0.9653729
FAM149B1,0.13775681
CCSER2,0.7507381
FZD8,0.31053793
GATA3,0.98351717
GDF2,0.2775995
HHEX,0.44095132
KCNMA1,0.95339644
KIF5B,0.7815241
LARP4B,0.83373344
LRRTM3,0.9936469
MKI67,0.86047655
NCOA4,0.999742
NEUROG3,0.9030986
NFKB2,0.6862679
NRAP,0.7960002
PANK1,0.4331654
PCDH15,0.7414403
PDLIM1,0.7640027
PLCE1,0.5862572
RBM17,0.9088537
RTKN2,0.38005275
SEC24C,0.8205716
SHOC2,0.91172546
SMC3,0.9904428
SORCS1,0.96645
SYCE1,0.74983174
TACC2,0.67380244
TAF3,0.9409718
TAF5,0.65207934
TET1,0.89740825
TMEM180,0.9942883
WAC,0.86157584
WDFY4,0.7929721
ZNF438,0.76954347
ZRANB1,0.69648397
ANK2,0.9283751
ANKRD50,0.9808427
ANTXR2,0.7080818
ARHGAP10,0.99380386
BANK1,0.4563031
C4orf51,0.04050781
CABS1,0.17216617
CCDC158,0.32421792
CNGA1,0.98073995
CPZ,0.753511
CRMP1,0.9681302
CXCL6,0.74660534
DDX60,0.5888322
EPHA5,0.44557342
FAM198B,0.7888037
FAT1,0.79481393
FAT4,0.92127734
FRYL,0.94936734
GABRA4,0.98503727
GABRG1,0.9610994
GK2,0.93573624
HTT,0.9020497
KCTD8,0.9950364
KIT,1.0
LIMCH1,0.6234634
LIN54,0.99998987
LPHN3,0.6007289
LRBA,0.99731356
LRRC66,0.12104629
MTTP,0.7506052
NAA15,0.9889653
NEIL3,0.607004
NEK1,0.8148351
NFXL1,0.98714465
OTUD4,0.9650222
PACRGL,0.26701167
PALLD,0.5643484
PCDH10,0.9974049
PCDH7,0.9943251
PDHA2,0.8318085
PDS5A,0.99981755
JADE1,0.81631505
POU4F2,0.96116215
RGS12,0.53610843
RUFY3,0.933409
SCARB2,0.751823
SHROOM3,0.79602396
SLC25A4,0.85730916
SLC30A9,0.7043349
SNX25,0.85386723
SPATA18,0.44005555
TBC1D9,0.8205882
TENM3,0.9920474
TLR2,0.8411154
TRAM1L1,0.8082364
TRMT44,0.5046344
UCP1,0.39206117
WFS1,0.5376631
NELFA,0.9399544
ZBTB49,0.72217304
ADAM9,0.7529485
ARFGEF1,0.649285
ATAD2,0.9936287
C8orf46,0.3085591
CDCA2,0.2527866
CLDN23,0.28149277
COL14A1,0.37144324
COL22A1,0.76288503
CPSF1,0.999987
CSMD1,0.9989831
CSMD3,0.8347566
DUSP26,0.21406972
EEF1D,0.7890498
ERICH1,0.3972668
ESRP1,0.30560657
FBXO16,0.45056635
FGF20,0.5898791
FNTA,0.8290567
GDAP1,0.38316223
GPR124,0.45070186
GSR,0.4973704
HOOK3,0.6833581
KCNV1,0.2988985
MAPK15,0.6079096
MFHAS1,0.865782
MTFR1,0.4526897
MTMR7,0.8280781
NOV,0.5538031
PEBP4,0.8454406
PHF20L1,0.66705763
PKHD1L1,0.78259254
PLEC,0.83922845
PPP2R2A,0.87600684
PRKDC,0.99999976
PXDNL,0.114126846
RAB11FIP1,0.999954
RDH10,0.5965493
RP1L1,0.40679187
RSPO2,0.6575425
SCRIB,0.7584017
SGK223,0.82512146
SLC35G5,0.9681728
SLC52A2,0.570704
SNTG1,0.81267047
SORBS3,0.7321952
SPAG11A,0.53037155
STK3,0.74654216
SULF1,0.99824643
TATDN1,0.837287
TMEM55A,0.5706165
TOP1MT,0.3748068
TRPS1,0.8988503
UBR5,0.9994103
VPS13B,0.8187334
WRN,0.56592584
YTHDF3,0.2890164
ZBTB10,0.5251246
ZFHX4,0.97730196
ZNF16,0.5254717
ZNF251,0.52888834
ADAMTS17,0.47676784
AKAP13,0.92365664
AP3B2,0.8728356
BAHD1,0.8006519
CAPN3,0.9997603
CASC5,0.97731096
CCPG1,0.88445365
CILP,0.6491621
CLK3,0.99572325
CSK,0.7708755
CYP1A1,0.7263027
DUOX2,0.8837759
EID1,0.5394328
ELL3,0.70723575
FAM169B,0.21690199
GABPB1,0.7356517
HERC2,0.9443502
INO80,0.6817181
KBTBD13,0.6076742
LACTB,0.8406875
LRRC57,0.28924826
MAN2C1,0.33313295
MAPK6,0.9006645
MGA,0.90980244
MYEF2,0.8257385
MYO5A,0.91183746
PPP1R14D,0.7244825
RORA,0.70230854
RPAP1,0.96888655
RYR3,0.91806334
SCAMP2,0.6001185
SCAPER,0.73249644
SMAD6,0.7841112
SPESP1,0.6648836
SPTBN5,0.7272535
ST8SIA2,0.2585494
TMEM62,0.6992384
TYRO3,0.62657183
UBR1,0.8910368
VPS13C,0.8529612
ZNF592,0.93374103
ADNP,0.696455
ASXL1,0.99680555
BPIFA1,0.21238944
BPIFB6,0.7762052
C20orf27,0.89862317
CHD6,0.87499696
CRNKL1,0.6240814
CSNK2A1,0.9998456
CYP24A1,0.5852484
ESF1,0.33241764
GNAS,0.9993331
ISM1,0.9610859
LAMA5,0.9998665
MACROD2,0.93575555
MCM8,0.9901141
NDRG3,0.3021627
NFATC2,0.49586165
PCIF1,0.36851272
PDYN,0.9493478
PFDN4,0.6128477
PREX1,0.8847815
RASSF2,0.71309185
RBM39,0.99180377
RRBP1,0.5910154
SALL4,0.27085042
SIGLEC1,0.88434124
SLC2A10,0.44480538
SOGA1,0.7437011
STAU1,0.9825995
TRMT6,0.86607766
UQCC1,0.57846814
VPS16,0.85934997
ZCCHC3,0.7073056
ZFP64,0.7212722
ZMYND8,0.9819634
ZNF217,0.48091263
CABIN1,0.81498104
CARD10,0.9324761
CCT8L2,0.3079562
CELSR1,0.99676335
DDX17,0.8345105
DNAJB7,0.52394646
EMID1,0.98818296
EP300,0.99999833
IL17REL,0.39791515
IL2RB,0.99496585
KREMEN1,0.5314046
LDOC1L,0.7267861
MEI1,0.630986
MGAT3,0.9967133
MMP11,0.83456254
MRPL40,0.66414815
MTMR3,0.63071746
MYH9,0.86307526
OR11H1,0.4686217
PHF21B,0.49856782
PIM3,0.40573224
PKDREJ,0.56285113
PLXNB2,0.95909125
PRODH,0.5437227
PRR14L,0.91238964
SELO,0.6379407
SLC5A4,0.3593079
SUN2,0.87427044
TBC1D22A,0.8673228
THAP7,0.7919084
THOC5,0.84111136
TRMU,0.21655318
TTC28,0.8823286
TTC38,0.5254977
ZNF280B,0.5876693
ABCC4,0.9985104
ATP7B,0.967723
ATP8A2,0.98153543
CUL4A,0.97068304
DOCK9,0.5068012
FRY,0.9138399
GPC6,0.93048716
GRK1,0.37408403
IRS2,0.97444975
MTIF3,0.6664286
SACS,0.9960884
ZMYM2,0.6734794
ANKRD30B,0.79201335
ASXL3,0.9977215
CCDC102B,0.8896758
CCDC178,0.15597029
CTAGE1,0.17766179
GALNT1,0.9035585
KATNAL2,0.78572977
METTL4,0.93881786
RAB12,0.9988176
TCEB3B,0.58074075
TGIF1,0.5682539
TSHZ1,0.17422742
VPS4B,0.9916728
WDR7,0.21157476
ZCCHC2,0.8731324
ADAMTS5,0.65236586
AIRE,0.66728723
APP,1.0
CBS,0.9956071
CLDN14,0.6022946
COL18A1,0.42538157
CYYR1,0.6338788
GABPA,0.5714
IFNAR1,0.29783744
KRTAP13-1,0.099056624
LCA5L,0.6726856
MCM3AP,0.88756514
MORC3,0.92202324
N6AMT1,0.9309794
PCNT,0.703881
RUNX1,0.998216
SLC19A1,0.09106859
SLC37A1,0.6098401
SYNJ1,0.87544525
TFF3,0.32318535
TMPRSS15,0.6029311
UMODL1,0.71704835
ADORA1,0.3042925
ATP1A4,0.86360794
BCL9,0.76648015
C1orf94,0.78167707
CD1E,0.4679013
CD46,0.7740516
CDC42BPA,0.9314417
CEP85,0.46576688
CLCA1,0.27288514
CYP4Z1,0.95826536
DDX59,0.8413052
DENND2C,0.7322654
DPYD,0.98803246
DVL1,0.7834186
EPB41,0.84310967
BRINP2,0.4023132
FUCA1,0.5208588
GATAD2B,0.95747435
GJA9,0.7613998
GNPAT,0.5837279
GPN2,0.77793026
HAPLN2,0.7057578
HCN3,0.48188066
HRNR,0.91739225
IKBKE,0.9170971
KCND3,0.96187866
KIAA0754,0.81158435
KIF14,0.8379406
KISS1,0.2791405
LHX8,0.7538777
LMO4,0.9769058
LOR,0.34988397
LRRC41,0.7625939
MFSD4,0.8603404
MYOM3,0.83318955
NOTCH2,0.9988065
NTNG1,0.9700345
OR10K1,0.56749636
OSCP1,0.96969295
PEX19,0.7818218
PGD,0.8706015
PHC2,0.79435605
PIK3C2B,0.945052
PRELP,0.37345955
PTPRF,0.97718173
PUM1,0.9681649
RAB3GAP2,0.6946288
RGL1,0.41690695
RGS4,0.9610621
RORC,0.5665491
SH3D21,0.4347866
SLAMF8,0.25755733
SLC30A1,0.78634185
TCHH,0.9621047
TCTEX1D4,0.5594371
TMCO2,0.47782534
TNR,0.6193935
TOR1AIP1,0.8047621
TPR,0.94295853
USP48,0.99890256
VPS72,0.6647724
ATP1A3,0.8982388
CACNA1A,0.9947102
CEBPA,0.98216504
CHAF1A,0.93745166
CILP2,0.69353634
CPAMD8,0.75802225
DENND1C,0.9079723
DPF1,0.8149051
FOSB,0.60921705
HNRNPM,0.8863385
HRC,0.46271497
IL4I1,0.34803608
ILF3,0.9776499
JAK3,0.7682228
KCNN1,0.4962737
KLK5,0.4418989
LRFN3,0.5547011
MAP1S,0.9488697
MAU2,0.52474004
MYO1F,0.5969459
NDUFA13,0.37251216
NUDT19,0.6597292
POLD1,0.9284924
POU2F2,0.9863582
PRKCSH,0.9504547
PRKD2,0.83154124
PRODH2,0.46393237
PRR19,0.33274722
PRX,0.9768703
PTPRH,0.7211063
R3HDM4,0.6991217
RCN3,0.8680043
SHKBP1,0.46765095
SIGLEC10,0.85695714
SIRT6,0.91863126
SLC27A1,0.5318917
SPHK2,0.57319134
TECR,0.8652558
TIMM44,0.92978215
TMC4,0.5735
TNPO2,0.94318944
TTYH1,0.53608567
ZNF146,0.74237937
ZNF208,0.68799156
ZNF233,0.860856
ZNF432,0.5799353
ZNF536,0.58861357
ZNF614,0.9917291
ZNF628,0.33540088
ZNF649,0.99001896
ZNF653,0.36518866
ZNF823,0.50780123
ARL2,0.31559962
ATG2A,0.9918829
BSX,0.9032745
CARD17,0.38142067
DDX6,0.9327101
DYNC2H1,0.7637046
FNBP4,0.87893635
GAB2,0.9798481
GAL,0.6552978
GRM5,0.9795424
HMBS,0.5414878
HTR3B,0.52040553
IFT46,0.8904316
KLC2,0.9319002
LRP4,0.6259215
LRP5,0.7175086
LRRC32,0.6123781
LTBP3,0.90132177
MARK2,0.9418845
NDUFS3,0.92182314
NRXN2,0.98112017
OAF,0.82174057
OR52N4,0.3054004
OR6A2,0.9560916
PGA3,0.45466405
PHF21A,0.6654483
PPP6R3,0.8828842
PSMC3,0.96552235
PTDSS2,0.73257214
RBM4B,0.67763287
RNF26,0.96158886
SHANK2,0.6950593
SIAE,0.8094688
SMPD1,0.9525939
ST14,0.7768106
TECTA,0.94086593
TMX2,0.4201311
TRIM5,0.94041836
TRIM51,0.7705576
TRPM5,0.8357747
VSIG2,0.7268577
ACVR2A,0.9671021
AMMECR1L,0.49836397
ANAPC1,0.75187117
ARID5A,0.53791374
C2orf50,0.80875736
C2orf54,0.33440292
CASP8,0.99634117
CHRNA1,0.91266054
COX5B,0.54433614
DNAJC27,0.9325791
DNMT3A,0.9991391
EPAS1,0.81422573
FAM110C,0.29585838
FASTKD1,0.8618676
GCKR,0.66392875
GPD2,0.6777705
HEATR5B,0.71982247
IFT172,0.7331493
IRS1,0.9642508
ITGA4,0.99821895
ITGA6,0.9613902
KCNK3,0.42665422
KYNU,0.94433916
NBAS,0.4184979
NLRC4,0.8885252
PGAP1,0.9931163
POTEE,0.65491813
SCG2,0.9019703
SLC8A1,0.8050994
STRN,0.8227347
BRIP1,0.66385394
C17orf70,0.81608474
C17orf80,0.85075814
CAMTA2,0.87877125
CBX1,0.95847666
CCR10,0.31610024
CDRT15,0.68331915
COA3,0.9025351
CRLF3,0.86358285
DNAH2,0.9561838
ELAC2,0.97098494
ENTHD2,0.5310565
EVPL,0.85359687
FLII,0.94803476
GFAP,0.68864185
IKZF3,0.92976743
JUP,0.95097053
KCNH4,0.97120947
KRT37,0.3540911
KRTAP4-6,0.4310913
LRRC37A3,0.7948785
LRRC37B,0.4860697
LRRC45,0.4043544
LRRC46,0.680794
MAPT,0.7418955
NBR1,0.78315413
NMT1,0.90900034
NPLOC4,0.8677593
PEMT,0.47017196
PIGS,0.6163305
PLD6,0.41354713
RABEP1,0.6512253
RUNDC1,0.6642832
SDK2,0.57728577
SLFN5,0.63311374
SOCS3,0.74128187
TBC1D29,0.86168957
TNRC6C,0.8202258
UBB,0.84054583
UTP18,0.74150413
ARMC8,0.73178065
CASR,0.47626
CCR9,0.56905466
CHCHD6,0.7705041
EFHB,0.3710432
FAM212A,0.4480952
FANCD2,0.8556287
FEZF2,0.49519813
HDAC11,0.90852207
HES1,0.8376627
KCNAB1,0.56358737
QARS,0.8938996
RAD54L2,0.9514165
RPN1,0.9200192
SCAP,0.9330816
SLC9C1,0.5105227
TKT,0.93770117
TNIK,0.84784156
USP4,0.8266412
WNT5A,0.7179323
ZBBX,0.44649556
ZNF502,0.5595672
AARS2,0.87272555
ANKRD6,0.75029737
APOBEC2,0.310511
ARID1B,0.9968566
ARMC2,0.7086922
COL11A2,0.743671
DPCR1,0.43953845
ECT2L,0.7739626
FOXP4,0.99614954
GPANK1,0.49913195
GPR6,0.60313326
HIST1H3C,0.2540599
HIST1H3G,0.87532055
HLA-DMA,0.41376314
HSF2,0.7856047
MAP3K4,0.982362
MAP3K7,0.9969862
MB21D1,0.69850355
MSH5,0.85625696
MTRF1L,0.61793685
NKAPL,0.3135254
PTK7,0.47164357
SCAF8,0.99595934
SLC26A8,0.70916015
SYNCRIP,0.9730136
TAAR2,0.5758213
TBX18,0.97967774
TCP10,0.40377674
TFAP2D,0.65877897
TMEM200A,0.6339515
TXLNB,0.98153704
TXNDC5,0.9412679
VWA7,0.91691846
WRNIP1,0.9129279
AACS,0.65583205
ANAPC5,0.9438302
ATP2B1,0.81941205
BAZ2A,0.9481704
BCL2L14,0.46088502
C12orf45,0.5799604
DDX23,0.66973525
EIF4B,0.9543699
FKBP4,0.57410353
HNRNPA1,0.99981695
HOXC11,0.50302595
ITPR2,0.9357895
KIF5A,0.6924223
KRT6B,0.46954972
KRT72,0.6036768
LHX5,0.5083726
LMO3,0.59580994
LRP1,0.9705189
NOS1,0.8367492
PRB1,0.29668415
RHOF,0.5479444
RIMBP2,0.9179652
SARNP,0.63276297
SLC2A3,0.5029355
SP1,0.97107893
TCTN1,0.38048768
TMCC3,0.4455987
TRPV4,0.8923018
UTP20,0.9652653
VWF,0.95959383
ZDHHC17,0.9706443
ABCB8,0.6192849
AGR3,0.5044047
AP5Z1,0.67336756
BAZ1B,0.78263485
BBS9,0.89824444
BRAT1,0.69975114
C7orf26,0.7603614
CACNA2D1,0.8370866
CCDC146,0.5849341
COL1A2,0.71040994
DTX2,0.6824125
EPO,0.93883353
FLNC,0.87947506
GPR22,0.18867418
GTF2I,0.97125643
MNX1,0.28348416
ORAI2,0.3692745
PAXIP1,0.98140544
PDK4,0.776263
PMS2,0.95178914
POM121,0.69603944
POM121L12,0.13876843
POR,0.68113256
PPP1R9A,0.9012202
PTPRZ1,0.91176015
PUS7,0.89789295
RAPGEF5,0.33225268
RBM33,0.47106284
SLC13A4,0.5131236
TMEM209,0.496598
VWC2,0.55327594
ZNF398,0.7506465
ZNF777,0.5302121
ADAMTS19,0.95315355
APC,0.99518186
ARAP3,0.9873607
DMGDH,0.9692759
EGFLAM,0.71578
FAF2,0.94120437
FCHSD1,0.8865523
FLT4,0.9548116
GABRP,0.38618362
GNB2L1,0.9820983
GPR98,0.98262644
HARS,0.9579653
HSD17B4,0.8641244
IRX2,0.32299188
IRX4,0.61750966
MCC,0.9818533
MGAT4B,0.82589775
MROH2B,0.68605083
NPR3,0.7988432
PANK3,0.59168386
PITX1,0.717351
RHOBTB3,0.96637183
SPZ1,0.9876467
TRPC7,0.7746789
ZNF300,0.35495305
AK7,0.96756315
ANG,0.36773285
BDKRB2,0.64960533
CMTM5,0.38243377
DYNC1H1,0.9957236
FUT8,0.9260799
GTF2A1,0.7553383
IRF2BPL,0.87573487
KCNH5,0.4535087
MAPK1IP1L,0.80185586
MLH3,0.93251824
MYH7,0.67878246
NYNRIN,0.7346897
PSMB5,0.89684737
SERPINA9,0.3089499
SMOC1,0.90452963
SUPT16H,0.9719516
TRAF3,0.99271154
TTC7B,0.46284342
ZBTB1,0.7864189
ABCA3,0.89131486
ABCC6,0.8193471
ALDOA,0.939235
ARHGAP17,0.6739105
ARL2BP,0.95573866
ATP2C2,0.98376024
E4F1,0.96733373
EARS2,0.348084
EEF2K,0.9468868
EXOC3L1,0.491677
GSPT1,0.8094332
HMOX2,0.75716376
HPR,0.7972851
HYDIN,0.9686527
IGFALS,0.31875575
IL21R,0.86670053
IL27,0.7002824
IRX6,0.53822976
KAT8,0.9856265
MAPK8IP3,0.68746346
MC1R,0.3983146
MEFV,0.97623867
NFATC3,0.7690086
PALB2,0.61790454
PPL,0.83692056
RABEP2,0.9378342
RLTPR,0.9594361
RNPS1,0.8124741
ROGDI,0.8521671
SETD1A,0.87410086
SH2B1,0.8487305
SLC38A8,0.5553545
SLC9A3R2,0.9664686
SMG1,0.97721887
TAOK2,0.9116973
TBL3,0.7927398
TCEB2,0.9637596
TNRC6A,0.85010344
TRAF7,0.77972275
UBFD1,0.7125043
CBWD1,0.80190563
CIZ1,0.9734248
CTSV,0.93529195
DCAF12,0.5238929
DFNB31,0.7662141
ENG,0.9574514
GSN,0.98650163
KANK1,0.9137477
KCNT1,0.8039597
KIAA0368,0.92557794
MELK,0.874079
NELFB,0.94345367
NFIB,0.9079997
ODF2,0.4431305
PHF2,0.5838946
PNPLA7,0.90744954
PRUNE2,0.91488004
RABEPK,0.75522745
RABL6,0.99638474
SCAI,0.8893581
SLC34A3,0.9072581
SPATA31D1,0.7797694
SVEP1,0.936336
UCK1,0.81443745
USP20,0.8395318
WNK2,0.7121627
ZBTB43,0.6687796
AR,0.9977575
ARHGAP36,0.5363732
ARHGEF6,0.933711
CDR1,0.8726503
CHM,0.43748093
CYLC1,0.6894931
FANCB,0.5097264
IRAK1,0.94121915
MAGEB4,0.9688419
RBM10,0.9616545
RPS6KA6,0.86799395
SATL1,0.44448602
SEPT6,0.8894574
SMARCA1,0.93071276
STAG2,0.96753615
TENM1,0.67111063
TEX13A,0.48032433
VCX3B,0.48438695
ZFX,0.9532752
ZXDA,0.90400064
ADAM12,0.6375623
ALDH18A1,0.77595156
BICC1,0.7076347
DDIT4,0.5810339
DHX32,0.6333447
ECD,0.9733108
EIF3A,0.9944733
EXOSC1,0.8465432
GDF10,0.3758185
IFIT5,0.8790087
KIAA1279,0.9868586
MYPN,0.7434356
NMT2,0.9485175
PARD3,0.96932787
PCGF6,0.87053543
PKD2L1,0.90069836
SKIDA1,0.60242313
TCERG1L,0.6430442
USP6NL,0.7737502
ZSWIM8,0.9052688
ADH1B,0.62556297
ANKRD17,0.63854
BEND4,0.65935785
CASP3,0.96381384
CCDC96,0.8592614
CLOCK,0.94516927
COX18,0.4097944
EIF4E,0.680053
FAM149A,0.8829268
GLRB,0.5678915
MAN2B2,0.5405015
MAPK10,0.73638487
PCDH18,0.88832253
PF4V1,0.5417466
SDAD1,0.7395596
TRPC3,0.7451631
TXK,0.933301
ZFP42,0.51914006
ADAM2,0.9498139
ADAM28,0.8594893
ADAM32,0.30672267
ANK1,0.8028442
ATP6V1H,0.9014275
BHLHE22,0.35698327
CALB1,0.8593178
CNBD1,0.945088
EBAG9,0.5919334
FAM150A,0.72117645
FAM83A,0.5580545
FAM83H,0.90520585
MCPH1,0.98097044
PTP4A3,0.8427706
PURG,0.9747542
RECQL4,0.73284423
SLC18A1,0.83238065
SPAG11B,0.7337221
STAU2,0.59490985
SYBU,0.49927354
TEX15,0.97058344
TMEM65,0.5397469
TRPA1,0.8614005
TUSC3,0.99687284
ZFPM2,0.49983627
ZHX1,0.92445546
ADPGK,0.27030686
ARIH1,0.74753916
DISP2,0.62565124
FAN1,0.51489055
FANCI,0.594569
HERC1,0.9813153
KLF13,0.6185118
LMAN1L,0.9156449
LRRK1,0.6660161
LTK,0.6111995
MESP2,0.3678243
PLA2G4F,0.6994147
RPLP1,0.8145043
SLTM,0.75536335
SV2B,0.47331694
UACA,0.6794268
ARFGEF2,0.8974321
CD93,0.6129665
CDH26,0.1367366
EEF1A2,0.7093389
ELMO2,0.9339815
GMEB2,0.8026285
KCNS1,0.59884816
KIAA1755,0.4818358
KIF16B,0.8152638
NCOA3,0.92088467
PAX1,0.89753443
PCK1,0.8447004
REM1,0.87927115
SEMG1,0.9381624
SLC23A2,0.6039469
SPATA25,0.56020784
TMX4,0.3475865
XRN2,0.8097185
ZNF343,0.5185594
ADM2,0.2381106
CACNA1I,0.8798733
CSF2RB,0.9058598
HIC2,0.58721215
IL17RA,0.91711414
LRP5L,0.36011916
MAPK8IP2,0.9548943
SPECC1L,0.7891918
ZNF74,0.49277845
GPC5,0.81245977
IPO5,0.8764809
KL,0.9404407
RXFP2,0.9330713
SPERT,0.7929266
THSD1,0.5823949
TM9SF2,0.81511176
ATP9B,0.92574286
CXXC1,0.9831814
DCC,0.97488344
DSG2,0.9534713
GNAL,0.9209797
MYO5B,0.74939215
PHLPP1,0.9932202
POTEC,0.5027224
SLC39A6,0.57961285
SMAD7,0.99464744
ST8SIA5,0.5845473
ATP5J,0.5097916
DYRK1A,0.9908794
ERG,0.8542133
GART,0.9382268
ITSN1,0.97341806
NCAM2,0.3518423
TTC3,0.94518954
WDR4,0.9188844
TTN,0.69119877
DST,0.69119877
COL11A1,0.69119877
CACNA1E,0.69119877
