gene,transcript,protein_change,score,pvalue,qvalue,info
HRAS,ENST00000451590,.,.,9.99990000099999e-06,0.018549814501855,.
GTF2I,ENST00000324896,.,.,4.97487687179742e-05,0.0370996290037099,.
NRAS,ENST00000369535,.,.,5.99994000059999e-05,0.0370996290037099,.
NRXN1,ENST00000404971,.,.,0.004739336492891,1.0,.
EBF1,ENST00000313708,.,.,0.0093457943925233,1.0,.
JPH3,ENST00000284262,.,.,0.0097087378640776,1.0,.
CHEK2,ENST00000382580,.,.,0.0113636363636364,1.0,.
NF2,ENST00000338641,.,.,0.0116279069767442,1.0,.
SMARCA4,ENST00000429416,.,.,0.014779852201478,1.0,.
SLC25A25,ENST00000373068,.,.,0.0152284263959391,1.0,.
USP32,ENST00000300896,.,.,0.0153985940414136,1.0,.
TLE1,ENST00000376499,.,.,0.0158730158730159,1.0,.
ACP2,ENST00000256997,.,.,0.0163265306122449,1.0,.
ADAM15,ENST00000356955,.,.,0.0163934426229508,1.0,.
COL4A1,ENST00000375820,.,.,0.0195213036835851,1.0,.
SIN3A,ENST00000394947,.,.,0.0235487714918005,1.0,.
STARD13,ENST00000336934,.,.,0.0246754009752658,1.0,.
EVI5L,ENST00000538904,.,.,0.0249346738119492,1.0,.
ZMYM3,ENST00000353904,.,.,0.025079749202508,1.0,.
TRPM5,ENST00000155858,.,.,0.031889681103189,1.0,.
EPHB3,ENST00000330394,.,.,0.0377358490566038,1.0,.
PEX5,ENST00000434354,.,.,0.0377358490566038,1.0,.
MAP3K4,ENST00000392142,.,.,0.04,1.0,.
CBLB,ENST00000264122,.,.,0.041994039555676,1.0,.
STK33,ENST00000447869,.,.,0.0432432432432432,1.0,.
GFM1,ENST00000486715,.,.,0.0440251572327044,1.0,.
CALD1,ENST00000361675,.,.,0.0441988950276243,1.0,.
RASAL2,ENST00000367649,.,.,0.0444444444444444,1.0,.
HIST1H2BB,ENST00000357905,.,.,0.0448717948717949,1.0,.
BACH1,ENST00000399921,.,.,0.046249537504625,1.0,.
GRIA2,ENST00000296526,.,.,0.0483870967741935,1.0,.
REV3L,ENST00000358835,.,.,0.0487264191949926,1.0,.
BMP2,ENST00000378827,.,.,0.0506329113924051,1.0,.
BYSL,ENST00000230340,.,.,0.0509259259259259,1.0,.
NR2F2,ENST00000394166,.,.,0.051948051948052,1.0,.
EPS15,ENST00000371733,.,.,0.0521327014218009,1.0,.
IMP4,ENST00000259239,.,.,0.0529801324503311,1.0,.
HIST1H2BJ,ENST00000607124,.,.,0.0531914893617021,1.0,.
RALA,ENST00000005257,.,.,0.054421768707483,1.0,.
BAG2,ENST00000370693,.,.,0.0566037735849057,1.0,.
SYK,ENST00000375754,.,.,0.0566037735849057,1.0,.
VPS16,ENST00000380445,.,.,0.0568181818181818,1.0,.
CCNL1,ENST00000295926,.,.,0.0578034682080925,1.0,.
TP73,ENST00000378295,.,.,0.0583941605839416,1.0,.
HSPA4,ENST00000304858,.,.,0.0593607305936073,1.0,.
ALOX12,ENST00000251535,.,.,0.0613496932515337,1.0,.
NR4A2,ENST00000339562,.,.,0.0614035087719298,1.0,.
ACTR2,ENST00000377982,.,.,0.0619047619047619,1.0,.
SURF4,ENST00000371989,.,.,0.0619047619047619,1.0,.
ZZEF1,ENST00000381638,.,.,0.0634146341463415,1.0,.
BMPR1B,ENST00000440890,.,.,0.0634920634920635,1.0,.
GGA2,ENST00000309859,.,.,0.0636942675159236,1.0,.
CSRNP1,ENST00000273153,.,.,0.0638297872340425,1.0,.
TLR2,ENST00000260010,.,.,0.0645161290322581,1.0,.
TFAP2C,ENST00000201031,.,.,0.0662251655629139,1.0,.
KIF5B,ENST00000302418,.,.,0.0663507109004739,1.0,.
PTCH1,ENST00000331920,.,.,0.0666666666666667,1.0,.
TSN,ENST00000389682,.,.,0.0666666666666667,1.0,.
UHMK1,ENST00000489294,.,.,0.0669856459330144,1.0,.
AGPS,ENST00000264167,.,.,0.0670731707317073,1.0,.
SFPQ,ENST00000357214,.,.,0.0677966101694915,1.0,.
CLTC,ENST00000269122,.,.,0.0679611650485437,1.0,.
KRAS,ENST00000256078,.,.,0.0683229813664596,1.0,.
RAD18,ENST00000264926,.,.,0.0689655172413793,1.0,.
FZD9,ENST00000344575,.,.,0.0697674418604651,1.0,.
SIPA1L1,ENST00000555818,.,.,0.0700636942675159,1.0,.
SPEG,ENST00000312358,.,.,0.0712928707129287,1.0,.
NAF1,ENST00000274054,.,.,0.0714285714285714,1.0,.
PIK3C3,ENST00000262039,.,.,0.0714285714285714,1.0,.
WIF1,ENST00000286574,.,.,0.0722222222222222,1.0,.
UTRN,ENST00000367545,.,.,0.0723684210526316,1.0,.
ATP6V1E1,ENST00000253413,.,.,0.0726495726495727,1.0,.
COL2A1,ENST00000380518,.,.,0.0730593607305936,1.0,.
GAK,ENST00000314167,.,.,0.0738636363636364,1.0,.
PRKAR2B,ENST00000265717,.,.,0.0745341614906832,1.0,.
AFF1,ENST00000395146,.,.,0.0751445086705202,1.0,.
POMT2,ENST00000261534,.,.,0.0757575757575758,1.0,.
PSMC2,ENST00000435765,.,.,0.0759493670886076,1.0,.
RHOG,ENST00000351018,.,.,0.0772946859903382,1.0,.
RRBP1,ENST00000377807,.,.,0.0774922507749225,1.0,.
PPP2R1A,ENST00000322088,.,.,0.0776699029126214,1.0,.
NFIA,ENST00000371189,.,.,0.078125,1.0,.
RBM19,ENST00000545145,.,.,0.078125,1.0,.
RFXAP,ENST00000255476,.,.,0.0793650793650794,1.0,.
RGS1,ENST00000367459,.,.,0.08,1.0,.
NDRG1,ENST00000414097,.,.,0.0803919608039196,1.0,.
DNMT3B,ENST00000328111,.,.,0.0812182741116751,1.0,.
GRIN2B,ENST00000609686,.,.,0.08125,1.0,.
CCNA2,ENST00000274026,.,.,0.0813008130081301,1.0,.
MAD2L1,ENST00000296509,.,.,0.0817610062893082,1.0,.
EXOSC10,ENST00000376936,.,.,0.0825242718446602,1.0,.
ADORA1,ENST00000367236,.,.,0.0833333333333333,1.0,.
VHL,ENST00000256474,.,.,0.0835916408359164,1.0,.
DYRK4,ENST00000540757,.,.,0.092436974789916,1.0,.
RASA1,ENST00000274376,.,.,0.0925925925925926,1.0,.
MAT1A,ENST00000372213,.,.,0.0934579439252336,1.0,.
GLRA3,ENST00000274093,.,.,0.0967741935483871,1.0,.
HTR4,ENST00000360693,.,.,0.0973451327433628,1.0,.
GTF3C1,ENST00000356183,.,.,0.102089791020898,1.0,.
SF3B1,ENST00000335508,.,.,0.108889111088891,1.0,.
ABCB5,ENST00000404938,.,.,0.111111111111111,1.0,.
ACSS3,ENST00000548058,.,.,0.111111111111111,1.0,.
PAX7,ENST00000375375,.,.,0.115588441155884,1.0,.
PAX7,ENST00000420770,.,.,0.115588441155884,1.0,.
COL22A1,ENST00000303045,.,.,0.117647058823529,1.0,.
SLC13A1,ENST00000194130,.,.,0.117647058823529,1.0,.
DMAP1,ENST00000372289,.,.,0.12,1.0,.
CDK5RAP2,ENST00000349780,.,.,0.12093023255814,1.0,.
NDE1,ENST00000396355,.,.,0.12093023255814,1.0,.
PTPRB,ENST00000334414,.,.,0.121687831216878,1.0,.
FAM179B,ENST00000361577,.,.,0.122187781221878,1.0,.
DIP2B,ENST00000301180,.,.,0.122448979591837,1.0,.
TPM3,ENST00000368530,.,.,0.122448979591837,1.0,.
MED25,ENST00000312865,.,.,0.125,1.0,.
PIAS4,ENST00000262971,.,.,0.126903553299492,1.0,.
SPIRE2,ENST00000378247,.,.,0.127906976744186,1.0,.
ANAPC5,ENST00000261819,.,.,0.128571428571429,1.0,.
RPL11,ENST00000374550,.,.,0.128571428571429,1.0,.
DMPK,ENST00000343373,.,.,0.128919860627178,1.0,.
SNRPD2,ENST00000342669,.,.,0.128919860627178,1.0,.
LIMK2,ENST00000340552,.,.,0.129032258064516,1.0,.
ODC1,ENST00000234111,.,.,0.129032258064516,1.0,.
KLC4,ENST00000259708,.,.,0.129151291512915,1.0,.
LZTR1,ENST00000215739,.,.,0.129310344827586,1.0,.
AHCYL2,ENST00000325006,.,.,0.129963898916967,1.0,.
GYS1,ENST00000323798,.,.,0.130044843049327,1.0,.
NPR2,ENST00000342694,.,.,0.130630630630631,1.0,.
STAT6,ENST00000300134,.,.,0.131147540983607,1.0,.
MAP4K2,ENST00000294066,.,.,0.13135593220339,1.0,.
NEK8,ENST00000268766,.,.,0.13135593220339,1.0,.
PYGM,ENST00000164139,.,.,0.13135593220339,1.0,.
RAI1,ENST00000353383,.,.,0.13135593220339,1.0,.
SUPT6H,ENST00000314616,.,.,0.13135593220339,1.0,.
EXT1,ENST00000378204,.,.,0.132757063604696,1.0,.
GABARAP,ENST00000302386,.,.,0.132841328413284,1.0,.
GPS2,ENST00000380728,.,.,0.132841328413284,1.0,.
SLC16A3,ENST00000581287,.,.,0.132841328413284,1.0,.
CIRH1A,ENST00000314423,.,.,0.133333333333333,1.0,.
COL11A1,ENST00000370096,.,.,0.133333333333333,1.0,.
COX18,ENST00000295890,.,.,0.133333333333333,1.0,.
STUB1,ENST00000219548,.,.,0.135593220338983,1.0,.
HNRNPR,ENST00000374616,.,.,0.136363636363636,1.0,.
DNM2,ENST00000389253,.,.,0.136612021857924,1.0,.
PKLR,ENST00000342741,.,.,0.136612021857924,1.0,.
ANKS1A,ENST00000360359,.,.,0.137254901960784,1.0,.
COL5A2,ENST00000374866,.,.,0.137859798925768,1.0,.
AMDHD2,ENST00000413459,.,.,0.138297872340426,1.0,.
ONECUT3,ENST00000382349,.,.,0.138297872340426,1.0,.
TRAF2,ENST00000247668,.,.,0.138297872340426,1.0,.
TSC2,ENST00000219476,.,.,0.138297872340426,1.0,.
MYH9,ENST00000216181,.,.,0.139372822299652,1.0,.
USP37,ENST00000258399,.,.,0.139372822299652,1.0,.
PTPN11,ENST00000351677,.,.,0.13953488372093,1.0,.
RABAC1,ENST00000222008,.,.,0.139705882352941,1.0,.
GGT7,ENST00000336431,.,.,0.141304347826087,1.0,.
MYBBP1A,ENST00000381556,.,.,0.142857142857143,1.0,.
RBM39,ENST00000253363,.,.,0.142857142857143,1.0,.
SLC25A11,ENST00000225665,.,.,0.142857142857143,1.0,.
AKT1,ENST00000554581,.,.,0.145522388059701,1.0,.
KIT,ENST00000288135,.,.,0.147368421052632,1.0,.
LDLR,ENST00000558518,.,.,0.148409893992933,1.0,.
CHD3,ENST00000380358,.,.,0.151484851514849,1.0,.
TP53,ENST00000269305,.,.,0.156084391560844,1.0,.
SLC4A4,ENST00000425175,.,.,0.15625,1.0,.
PDGFB,ENST00000331163,.,.,0.157303370786517,1.0,.
DNAJC27,ENST00000264711,.,.,0.158884111588841,1.0,.
SLC39A13,ENST00000362021,.,.,0.164983501649835,1.0,.
DUS3L,ENST00000309061,.,.,0.167083291670833,1.0,.
TAS2R1,ENST00000382492,.,.,0.168539325842697,1.0,.
MLLT4,ENST00000392108,.,.,0.172413793103448,1.0,.
RPS6KA6,ENST00000262752,.,.,0.173913043478261,1.0,.
GRIN2A,ENST00000396573,.,.,0.17687074829932,1.0,.
RBMS3,ENST00000383767,.,.,0.179245283018868,1.0,.
SH3YL1,ENST00000356150,.,.,0.185185185185185,1.0,.
PI15,ENST00000260113,.,.,0.187641296156745,1.0,.
FRY,ENST00000380250,.,.,0.189189189189189,1.0,.
PTPRE,ENST00000254667,.,.,0.189189189189189,1.0,.
KIF18A,ENST00000263181,.,.,0.192771084337349,1.0,.
CTSG,ENST00000216336,.,.,0.194805194805195,1.0,.
SERPINE2,ENST00000447280,.,.,0.197530864197531,1.0,.
DOCK2,ENST00000256935,.,.,0.198019801980198,1.0,.
FAM196B,ENST00000377365,.,.,0.198019801980198,1.0,.
SEL1L3,ENST00000399878,.,.,0.201388888888889,1.0,.
BUB1,ENST00000302759,.,.,0.202898550724638,1.0,.
NRG1,ENST00000356819,.,.,0.205882352941176,1.0,.
ZNF638,ENST00000409544,.,.,0.206060606060606,1.0,.
GRIA4,ENST00000282499,.,.,0.206896551724138,1.0,.
DMXL1,ENST00000311085,.,.,0.207792207792208,1.0,.
EIF5B,ENST00000289371,.,.,0.208955223880597,1.0,.
PFKP,ENST00000381125,.,.,0.208955223880597,1.0,.
ENAM,ENST00000396073,.,.,0.209150326797386,1.0,.
TRIM7,ENST00000274773,.,.,0.209150326797386,1.0,.
C7orf25,ENST00000431882,.,.,0.209677419354839,1.0,.
GRIK3,ENST00000373091,.,.,0.210191082802548,1.0,.
USP31,ENST00000219689,.,.,0.210191082802548,1.0,.
FZD10,ENST00000229030,.,.,0.210526315789474,1.0,.
GSC,ENST00000238558,.,.,0.210526315789474,1.0,.
MECOM,ENST00000486748,.,.,0.210526315789474,1.0,.
MMRN1,ENST00000394980,.,.,0.210526315789474,1.0,.
TRIM3,ENST00000525074,.,.,0.211180124223602,1.0,.
NUAK1,ENST00000261402,.,.,0.211920529801325,1.0,.
PTPN18,ENST00000175756,.,.,0.211920529801325,1.0,.
RDX,ENST00000405097,.,.,0.211920529801325,1.0,.
OGT,ENST00000373719,.,.,0.212290502793296,1.0,.
PDCL2,ENST00000295645,.,.,0.212290502793296,1.0,.
XRN1,ENST00000264951,.,.,0.212290502793296,1.0,.
TBCEL,ENST00000422003,.,.,0.213235294117647,1.0,.
MAP3K1,ENST00000399503,.,.,0.213414634146341,1.0,.
HAS1,ENST00000222115,.,.,0.213592233009709,1.0,.
CNTNAP2,ENST00000361727,.,.,0.214285714285714,1.0,.
PREX1,ENST00000371941,.,.,0.214678532146785,1.0,.
TEAD4,ENST00000359864,.,.,0.215909090909091,1.0,.
TULP3,ENST00000397132,.,.,0.215909090909091,1.0,.
TDO2,ENST00000536354,.,.,0.216216216216216,1.0,.
NLRP12,ENST00000324134,.,.,0.216666666666667,1.0,.
SEC23A,ENST00000307712,.,.,0.216666666666667,1.0,.
GPR126,ENST00000367609,.,.,0.220779220779221,1.0,.
NIPBL,ENST00000282516,.,.,0.221590909090909,1.0,.
ACO1,ENST00000309951,.,.,0.223684210526316,1.0,.
RUNX2,ENST00000371438,.,.,0.224358974358974,1.0,.
SLC44A1,ENST00000374720,.,.,0.224358974358974,1.0,.
TMEM38B,ENST00000374692,.,.,0.224358974358974,1.0,.
METTL14,ENST00000388822,.,.,0.225677432256774,1.0,.
FGA,ENST00000302053,.,.,0.226415094339623,1.0,.
FGG,ENST00000336098,.,.,0.226415094339623,1.0,.
MIB1,ENST00000261537,.,.,0.228915662650602,1.0,.
GPR52,ENST00000367685,.,.,0.229299363057325,1.0,.
DLG3,ENST00000374360,.,.,0.233644859813084,1.0,.
SLA,ENST00000427060,.,.,0.236111111111111,1.0,.
OPRD1,ENST00000234961,.,.,0.236776322367763,1.0,.
FAM46C,ENST00000369448,.,.,0.238993710691824,1.0,.
LNX2,ENST00000316334,.,.,0.23943661971831,1.0,.
SLC30A10,ENST00000366926,.,.,0.24025974025974,1.0,.
TP53BP2,ENST00000343537,.,.,0.240963855421687,1.0,.
VBP1,ENST00000286428,.,.,0.241071428571429,1.0,.
DYRK2,ENST00000344096,.,.,0.241610738255034,1.0,.
CENPI,ENST00000372927,.,.,0.246666666666667,1.0,.
SDAD1,ENST00000356260,.,.,0.246666666666667,1.0,.
TAT,ENST00000355962,.,.,0.246987951807229,1.0,.
CRHR2,ENST00000348438,.,.,0.247474747474747,1.0,.
TXK,ENST00000264316,.,.,0.247474747474747,1.0,.
PIK3R5,ENST00000447110,.,.,0.247619047619048,1.0,.
WDR48,ENST00000302313,.,.,0.24822695035461,1.0,.
TPCN1,ENST00000550785,.,.,0.248675132486751,1.0,.
GRM7,ENST00000357716,.,.,0.25,1.0,.
ATP2B2,ENST00000360273,.,.,0.252380952380952,1.0,.
CGNL1,ENST00000281282,.,.,0.252873563218391,1.0,.
DLG5,ENST00000372391,.,.,0.255924170616114,1.0,.
PARL,ENST00000317096,.,.,0.255924170616114,1.0,.
CRYM,ENST00000219599,.,.,0.256038647342995,1.0,.
GPRC5C,ENST00000392627,.,.,0.257142857142857,1.0,.
ATIC,ENST00000236959,.,.,0.258215962441315,1.0,.
APCDD1,ENST00000355285,.,.,0.258278145695364,1.0,.
HES1,ENST00000232424,.,.,0.258278145695364,1.0,.
FGF3,ENST00000334134,.,.,0.258706467661692,1.0,.
ABCG8,ENST00000272286,.,.,0.258823529411765,1.0,.
THOC3,ENST00000265097,.,.,0.259036144578313,1.0,.
BFSP2,ENST00000302334,.,.,0.26046511627907,1.0,.
CYLD,ENST00000427738,.,.,0.262073792620738,1.0,.
ADHFE1,ENST00000396623,.,.,0.262910798122066,1.0,.
SLC12A3,ENST00000438926,.,.,0.262910798122066,1.0,.
LBH,ENST00000395323,.,.,0.263513513513513,1.0,.
SLC38A7,ENST00000570101,.,.,0.264705882352941,1.0,.
TAF9,ENST00000328663,.,.,0.264705882352941,1.0,.
KIF3A,ENST00000378746,.,.,0.264840182648402,1.0,.
GTPBP4,ENST00000360803,.,.,0.265060240963855,1.0,.
KCNT2,ENST00000294725,.,.,0.26530612244898,1.0,.
HLF,ENST00000226067,.,.,0.265432098765432,1.0,.
SGK1,ENST00000367858,.,.,0.265536723163842,1.0,.
CHD2,ENST00000394196,.,.,0.266666666666667,1.0,.
MTMR7,ENST00000180173,.,.,0.267045454545455,1.0,.
NRCAM,ENST00000379028,.,.,0.267326732673267,1.0,.
GFPT2,ENST00000253778,.,.,0.268181818181818,1.0,.
SHC4,ENST00000332408,.,.,0.268571428571429,1.0,.
ACACB,ENST00000338432,.,.,0.269373062693731,1.0,.
ACSBG1,ENST00000258873,.,.,0.269767441860465,1.0,.
GET4,ENST00000265857,.,.,0.269767441860465,1.0,.
IMMT,ENST00000410111,.,.,0.269767441860465,1.0,.
NPHS1,ENST00000378910,.,.,0.269767441860465,1.0,.
RBM42,ENST00000262633,.,.,0.269767441860465,1.0,.
WDR62,ENST00000401500,.,.,0.269767441860465,1.0,.
XAB2,ENST00000358368,.,.,0.269767441860465,1.0,.
NUP54,ENST00000264883,.,.,0.27,1.0,.
SLC24A4,ENST00000532405,.,.,0.270114942528736,1.0,.
BLZF1,ENST00000367808,.,.,0.271604938271605,1.0,.
ADAM18,ENST00000265707,.,.,0.272727272727273,1.0,.
C1QTNF5,ENST00000445041,.,.,0.273584905660377,1.0,.
NADSYN1,ENST00000319023,.,.,0.273584905660377,1.0,.
PUS1,ENST00000376649,.,.,0.273584905660377,1.0,.
RNF26,ENST00000311413,.,.,0.273584905660377,1.0,.
TMEM43,ENST00000306077,.,.,0.27536231884058,1.0,.
HIST1H2AD,ENST00000341023,.,.,0.275641025641026,1.0,.
ATP2C2,ENST00000262429,.,.,0.276272372762724,1.0,.
KIAA0100,ENST00000528896,.,.,0.276572342765723,1.0,.
EED,ENST00000263360,.,.,0.276995305164319,1.0,.
COL3A1,ENST00000304636,.,.,0.277679024885729,1.0,.
FAM83D,ENST00000217429,.,.,0.27810650887574,1.0,.
LIG3,ENST00000378526,.,.,0.27810650887574,1.0,.
CHST10,ENST00000264249,.,.,0.278409090909091,1.0,.
SLC2A14,ENST00000543909,.,.,0.28,1.0,.
MED28,ENST00000237380,.,.,0.280254777070064,1.0,.
PPAP2B,ENST00000371250,.,.,0.280373831775701,1.0,.
GRM8,ENST00000339582,.,.,0.28125,1.0,.
CASS4,ENST00000371336,.,.,0.282071792820718,1.0,.
GALNS,ENST00000268695,.,.,0.282527881040892,1.0,.
AIM1,ENST00000369066,.,.,0.283333333333333,1.0,.
ANGPTL1,ENST00000234816,.,.,0.283333333333333,1.0,.
MCC,ENST00000408903,.,.,0.283333333333333,1.0,.
LIPC,ENST00000356113,.,.,0.284916201117318,1.0,.
TLL2,ENST00000357947,.,.,0.284916201117318,1.0,.
GTF2H1,ENST00000265963,.,.,0.285,1.0,.
POGLUT1,ENST00000295588,.,.,0.285,1.0,.
UEVLD,ENST00000396197,.,.,0.285,1.0,.
OPCML,ENST00000331898,.,.,0.285714285714286,1.0,.
CTSB,ENST00000353047,.,.,0.286407766990291,1.0,.
MARCH7,ENST00000259050,.,.,0.286407766990291,1.0,.
GLI2,ENST00000452319,.,.,0.286458333333333,1.0,.
MMP13,ENST00000260302,.,.,0.286458333333333,1.0,.
HIST3H2A,ENST00000366695,.,.,0.286549707602339,1.0,.
WNT9A,ENST00000272164,.,.,0.286549707602339,1.0,.
BRD2,ENST00000395289,.,.,0.287234042553192,1.0,.
CLCN7,ENST00000382745,.,.,0.290697674418605,1.0,.
H6PD,ENST00000377403,.,.,0.290697674418605,1.0,.
IGDCC3,ENST00000327987,.,.,0.290697674418605,1.0,.
SPG7,ENST00000268704,.,.,0.290697674418605,1.0,.
CD276,ENST00000318443,.,.,0.291208791208791,1.0,.
ABCB9,ENST00000542678,.,.,0.291457286432161,1.0,.
MRPL14,ENST00000372014,.,.,0.291457286432161,1.0,.
TMEM63B,ENST00000259746,.,.,0.291457286432161,1.0,.
KRT26,ENST00000335552,.,.,0.291845493562232,1.0,.
ST5,ENST00000534127,.,.,0.291891891891892,1.0,.
SOHLH1,ENST00000425225,.,.,0.292307692307692,1.0,.
TRIO,ENST00000344204,.,.,0.292929292929293,1.0,.
GARNL3,ENST00000373387,.,.,0.294416243654822,1.0,.
ITIH1,ENST00000273283,.,.,0.294416243654822,1.0,.
ITIH4,ENST00000266041,.,.,0.294416243654822,1.0,.
TLR9,ENST00000494383,.,.,0.294416243654822,1.0,.
TNFAIP8L1,ENST00000536716,.,.,0.294416243654822,1.0,.
DCTN2,ENST00000434715,.,.,0.295081967213115,1.0,.
MYO1A,ENST00000442789,.,.,0.295081967213115,1.0,.
CSF3R,ENST00000373103,.,.,0.29520295202952,1.0,.
GPS1,ENST00000392358,.,.,0.29520295202952,1.0,.
TMEM95,ENST00000330767,.,.,0.29520295202952,1.0,.
BRD7,ENST00000394689,.,.,0.295698924731183,1.0,.
EPN3,ENST00000268933,.,.,0.295833333333333,1.0,.
WFIKKN2,ENST00000311378,.,.,0.295833333333333,1.0,.
MEOX1,ENST00000318579,.,.,0.295880149812734,1.0,.
FNIP1,ENST00000510461,.,.,0.295964125560538,1.0,.
HM13,ENST00000398174,.,.,0.296875,1.0,.
KPNB1,ENST00000290158,.,.,0.296992481203008,1.0,.
FZR1,ENST00000395095,.,.,0.297872340425532,1.0,.
PPP1R8,ENST00000311772,.,.,0.297872340425532,1.0,.
GAPVD1,ENST00000394105,.,.,0.298245614035088,1.0,.
COL4A2,ENST00000360467,.,.,0.298429319371728,1.0,.
WDR81,ENST00000409644,.,.,0.2997700229977,1.0,.
ZFYVE28,ENST00000290974,.,.,0.301115241635688,1.0,.
CNKSR3,ENST00000607772,.,.,0.302521008403361,1.0,.
TMEM132D,ENST00000422113,.,.,0.303030303030303,1.0,.
ERCC1,ENST00000013807,.,.,0.305084745762712,1.0,.
AMBP,ENST00000265132,.,.,0.305676855895196,1.0,.
POLE3,ENST00000374171,.,.,0.305676855895196,1.0,.
RGS3,ENST00000374140,.,.,0.305676855895196,1.0,.
SLC25A30,ENST00000519676,.,.,0.305676855895196,1.0,.
CTSF,ENST00000310325,.,.,0.305936073059361,1.0,.
ALOX5,ENST00000374391,.,.,0.306451612903226,1.0,.
XKR4,ENST00000327381,.,.,0.307086614173228,1.0,.
GALNT14,ENST00000324589,.,.,0.307692307692308,1.0,.
ROR1,ENST00000371079,.,.,0.308176100628931,1.0,.
RPL18,ENST00000549920,.,.,0.309417040358744,1.0,.
PCDHA9,ENST00000532602,.,.,0.311468853114689,1.0,.
CDCA3,ENST00000538862,.,.,0.31203007518797,1.0,.
LPAR5,ENST00000329858,.,.,0.31203007518797,1.0,.
ANGPTL6,ENST00000253109,.,.,0.316939890710383,1.0,.
CCDC142,ENST00000290418,.,.,0.317073170731707,1.0,.
DCC,ENST00000442544,.,.,0.318181818181818,1.0,.
NCOA2,ENST00000452400,.,.,0.318471337579618,1.0,.
SLC45A2,ENST00000296589,.,.,0.318471337579618,1.0,.
MYO1E,ENST00000288235,.,.,0.319327731092437,1.0,.
FADS1,ENST00000350997,.,.,0.320422535211268,1.0,.
SYT7,ENST00000540677,.,.,0.320422535211268,1.0,.
FAM65A,ENST00000422602,.,.,0.320767923207679,1.0,.
LINGO4,ENST00000368820,.,.,0.321428571428571,1.0,.
CD97,ENST00000242786,.,.,0.321678321678322,1.0,.
SF3B3,ENST00000302516,.,.,0.321799307958477,1.0,.
MYO9B,ENST00000595618,.,.,0.321917808219178,1.0,.
ANO6,ENST00000423947,.,.,0.322147651006711,1.0,.
DBX2,ENST00000332700,.,.,0.322147651006711,1.0,.
NR3C2,ENST00000358102,.,.,0.32258064516129,1.0,.
DNASE1,ENST00000246949,.,.,0.32312925170068,1.0,.
DSTYK,ENST00000367162,.,.,0.323144104803493,1.0,.
PTPRA,ENST00000380393,.,.,0.323404255319149,1.0,.
EVL,ENST00000392920,.,.,0.323636363636364,1.0,.
COL14A1,ENST00000297848,.,.,0.324324324324324,1.0,.
ZNF25,ENST00000302609,.,.,0.324324324324324,1.0,.
H3F3B,ENST00000254810,.,.,0.324468085106383,1.0,.
HGS,ENST00000329138,.,.,0.324468085106383,1.0,.
KIAA0195,ENST00000314256,.,.,0.324468085106383,1.0,.
MST1R,ENST00000296474,.,.,0.324468085106383,1.0,.
NOTCH1,ENST00000277541,.,.,0.324468085106383,1.0,.
NPLOC4,ENST00000331134,.,.,0.324468085106383,1.0,.
NUP188,ENST00000372577,.,.,0.324468085106383,1.0,.
SLC12A4,ENST00000422611,.,.,0.324468085106383,1.0,.
SLC27A4,ENST00000300456,.,.,0.324468085106383,1.0,.
SOX10,ENST00000396884,.,.,0.324468085106383,1.0,.
TMEM59L,ENST00000600490,.,.,0.324468085106383,1.0,.
TET2,ENST00000540549,.,.,0.324675324675325,1.0,.
PPP1R12B,ENST00000608999,.,.,0.324742268041237,1.0,.
TAPBP,ENST00000426633,.,.,0.324742268041237,1.0,.
CDC34,ENST00000215574,.,.,0.3248730964467,1.0,.
WDR18,ENST00000251289,.,.,0.3248730964467,1.0,.
NF1,ENST00000358273,.,.,0.324909747292419,1.0,.
ANPEP,ENST00000300060,.,.,0.325259515570934,1.0,.
CCDC102A,ENST00000258214,.,.,0.325259515570934,1.0,.
PLCD3,ENST00000322765,.,.,0.326666666666667,1.0,.
GRIP1,ENST00000398016,.,.,0.327044025157233,1.0,.
IGF2R,ENST00000356956,.,.,0.327160493827161,1.0,.
ABCC2,ENST00000370449,.,.,0.327659574468085,1.0,.
CTNNB1,ENST00000349496,.,.,0.328125,1.0,.
INTS7,ENST00000366994,.,.,0.328125,1.0,.
TBX5,ENST00000310346,.,.,0.328125,1.0,.
PTDSS2,ENST00000308020,.,.,0.328571428571429,1.0,.
RABEP2,ENST00000358201,.,.,0.328767123287671,1.0,.
RAPGEF3,ENST00000449771,.,.,0.328767123287671,1.0,.
PPM1E,ENST00000308249,.,.,0.329059829059829,1.0,.
ATP8B1,ENST00000536015,.,.,0.330275229357798,1.0,.
OTUD4,ENST00000454497,.,.,0.330708661417323,1.0,.
PML,ENST00000268058,.,.,0.330769230769231,1.0,.
CLDN5,ENST00000406028,.,.,0.330855018587361,1.0,.
TXNRD2,ENST00000400521,.,.,0.330855018587361,1.0,.
MAPT,ENST00000344290,.,.,0.331632653061224,1.0,.
NPR1,ENST00000368680,.,.,0.33175355450237,1.0,.
SLC27A3,ENST00000368661,.,.,0.33175355450237,1.0,.
USP30,ENST00000257548,.,.,0.33175355450237,1.0,.
EMP3,ENST00000270221,.,.,0.331967213114754,1.0,.
NPM3,ENST00000370110,.,.,0.331967213114754,1.0,.
TBCE,ENST00000366601,.,.,0.331967213114754,1.0,.
TSPEAR,ENST00000323084,.,.,0.332089552238806,1.0,.
ABCA1,ENST00000374736,.,.,0.333333333333333,1.0,.
ACTRT1,ENST00000371124,.,.,0.333333333333333,1.0,.
FLII,ENST00000327031,.,.,0.333333333333333,1.0,.
KHDRBS3,ENST00000355849,.,.,0.333333333333333,1.0,.
PDILT,ENST00000302451,.,.,0.333333333333333,1.0,.
TRPC3,ENST00000379645,.,.,0.333333333333333,1.0,.
BSCL2,ENST00000433053,.,.,0.334426229508197,1.0,.
CHRM1,ENST00000306960,.,.,0.334426229508197,1.0,.
DDX5,ENST00000225792,.,.,0.334426229508197,1.0,.
SLC22A25,ENST00000306494,.,.,0.334426229508197,1.0,.
SLC22A6,ENST00000377871,.,.,0.334426229508197,1.0,.
TNPO3,ENST00000265388,.,.,0.334519572953737,1.0,.
SAFB2,ENST00000252542,.,.,0.334545454545455,1.0,.
AP1M1,ENST00000444449,.,.,0.334586466165414,1.0,.
PLA2G16,ENST00000323646,.,.,0.33469387755102,1.0,.
ESF1,ENST00000202816,.,.,0.3359375,1.0,.
VAV3,ENST00000370056,.,.,0.336,1.0,.
NFATC4,ENST00000413692,.,.,0.336170212765957,1.0,.
PSME1,ENST00000382708,.,.,0.336170212765957,1.0,.
RABGGTA,ENST00000399409,.,.,0.336170212765957,1.0,.
ADAM17,ENST00000310823,.,.,0.3375,1.0,.
IRF3,ENST00000601291,.,.,0.3375,1.0,.
LFNG,ENST00000222725,.,.,0.337837837837838,1.0,.
NCAN,ENST00000252575,.,.,0.338983050847458,1.0,.
MTOR,ENST00000361445,.,.,0.339805825242718,1.0,.
PSMA5,ENST00000271308,.,.,0.340248962655602,1.0,.
RNF10,ENST00000325954,.,.,0.340248962655602,1.0,.
MEGF8,ENST00000334370,.,.,0.341911764705882,1.0,.
RPL26L1,ENST00000521476,.,.,0.342857142857143,1.0,.
SLMAP,ENST00000295951,.,.,0.342857142857143,1.0,.
SERPINH1,ENST00000524558,.,.,0.34375,1.0,.
FILIP1,ENST00000237172,.,.,0.345765423457654,1.0,.
CAPRIN1,ENST00000341394,.,.,0.348484848484849,1.0,.
FKBP10,ENST00000321562,.,.,0.348484848484849,1.0,.
JUP,ENST00000393931,.,.,0.348484848484849,1.0,.
KRT9,ENST00000246662,.,.,0.348484848484849,1.0,.
GIMAP8,ENST00000307271,.,.,0.349465053494651,1.0,.
INPP5F,ENST00000361976,.,.,0.352657004830918,1.0,.
PPFIBP1,ENST00000318304,.,.,0.352657004830918,1.0,.
MCFD2,ENST00000409105,.,.,0.353211009174312,1.0,.
VPS33B,ENST00000333371,.,.,0.354368932038835,1.0,.
PABPC4,ENST00000372858,.,.,0.354838709677419,1.0,.
PLXND1,ENST00000324093,.,.,0.355769230769231,1.0,.
FANCG,ENST00000378643,.,.,0.355855855855856,1.0,.
BCAR3,ENST00000370244,.,.,0.35609756097561,1.0,.
FZD7,ENST00000286201,.,.,0.35609756097561,1.0,.
PIK3C2B,ENST00000367187,.,.,0.35609756097561,1.0,.
SCMH1,ENST00000402904,.,.,0.35609756097561,1.0,.
GMCL1,ENST00000282570,.,.,0.356164383561644,1.0,.
PGAP2,ENST00000278243,.,.,0.357487922705314,1.0,.
CYB561,ENST00000392976,.,.,0.357843137254902,1.0,.
PADI3,ENST00000375460,.,.,0.359375,1.0,.
ZP4,ENST00000366570,.,.,0.36,1.0,.
ADCY3,ENST00000260600,.,.,0.360576923076923,1.0,.
PGM2L1,ENST00000298198,.,.,0.360975609756098,1.0,.
SCN5A,ENST00000413689,.,.,0.363263673632637,1.0,.
PQLC2,ENST00000375153,.,.,0.365853658536585,1.0,.
GRAMD1C,ENST00000358160,.,.,0.366063393660634,1.0,.
FMOD,ENST00000354955,.,.,0.367647058823529,1.0,.
EIF1AX,ENST00000379607,.,.,0.368639873292417,1.0,.
KCNV2,ENST00000382082,.,.,0.377076722045921,1.0,.
CTNNA3,ENST00000433211,.,.,0.379310344827586,1.0,.
CHRNA7,ENST00000454250,.,.,0.38026197380262,1.0,.
ZNF420,ENST00000337995,.,.,0.387096774193548,1.0,.
ZNF569,ENST00000316950,.,.,0.387096774193548,1.0,.
NOD1,ENST00000222823,.,.,0.387761223877612,1.0,.
LOXHD1,ENST00000300591,.,.,0.388761123887611,1.0,.
LOXHD1,ENST00000441551,.,.,0.388761123887611,1.0,.
PROS1,ENST00000394236,.,.,0.388888888888889,1.0,.
CLSTN1,ENST00000377298,.,.,0.391160883911609,1.0,.
PLEKHG4B,ENST00000283426,.,.,0.392860713928607,1.0,.
MYH14,ENST00000601313,.,.,0.396660333966603,1.0,.
ZNF189,ENST00000339664,.,.,0.4,1.0,.
ADAM29,ENST00000359240,.,.,0.403225806451613,1.0,.
IDS,ENST00000422081,.,.,0.403225806451613,1.0,.
TMEM185A,ENST00000316916,.,.,0.403225806451613,1.0,.
GALNTL6,ENST00000506823,.,.,0.404255319148936,1.0,.
FAM78B,ENST00000338353,.,.,0.404761904761905,1.0,.
MAEL,ENST00000367872,.,.,0.404761904761905,1.0,.
GNPDA2,ENST00000295448,.,.,0.411764705882353,1.0,.
SOGA1,ENST00000237536,.,.,0.412458754124588,1.0,.
CTSC,ENST00000227266,.,.,0.415094339622642,1.0,.
OGFRL1,ENST00000370435,.,.,0.420289855072464,1.0,.
OR14I1,ENST00000342623,.,.,0.423076923076923,1.0,.
OR2T1,ENST00000366474,.,.,0.423076923076923,1.0,.
OR2T8,ENST00000319968,.,.,0.423076923076923,1.0,.
ZNF672,ENST00000306562,.,.,0.423076923076923,1.0,.
HECW2,ENST00000260983,.,.,0.425957404259574,1.0,.
SLITRK1,ENST00000377084,.,.,0.428571428571429,1.0,.
TAP1,ENST00000354258,.,.,0.432056794320568,1.0,.
POSTN,ENST00000379747,.,.,0.433962264150943,1.0,.
CNTNAP4,ENST00000478060,.,.,0.4375,1.0,.
APLF,ENST00000303795,.,.,0.438456154384562,1.0,.
CLIP2,ENST00000223398,.,.,0.439356064393561,1.0,.
CTNND2,ENST00000304623,.,.,0.44,1.0,.
ATXN7,ENST00000398590,.,.,0.441860465116279,1.0,.
SLITRK5,ENST00000325089,.,.,0.444444444444444,1.0,.
UNC5D,ENST00000404895,.,.,0.444444444444444,1.0,.
MAGEB18,ENST00000325250,.,.,0.447761194029851,1.0,.
FRMPD3,ENST00000276185,.,.,0.448655134486551,1.0,.
DEFB112,ENST00000322246,.,.,0.45,1.0,.
SCN1A,ENST00000303395,.,.,0.450654934506549,1.0,.
SPTA1,ENST00000368147,.,.,0.452851496329757,1.0,.
TNN,ENST00000239462,.,.,0.454545454545455,1.0,.
ARHGEF28,ENST00000545377,.,.,0.455954404559544,1.0,.
ADAMTS9,ENST00000498707,.,.,0.458462732919255,1.0,.
ATP8B3,ENST00000310127,.,.,0.464053594640536,1.0,.
ABCA7,ENST00000263094,.,.,0.464853514648535,1.0,.
OR10Z1,ENST00000361284,.,.,0.467741935483871,1.0,.
SOX5,ENST00000451604,.,.,0.467741935483871,1.0,.
MKLN1,ENST00000352689,.,.,0.468085106382979,1.0,.
NHLRC3,ENST00000379600,.,.,0.46875,1.0,.
PLCE1,ENST00000371380,.,.,0.469135802469136,1.0,.
MECP2,ENST00000453960,.,.,0.47015298470153,1.0,.
CDHR1,ENST00000372117,.,.,0.470588235294118,1.0,.
PDZRN4,ENST00000402685,.,.,0.470588235294118,1.0,.
SNTG1,ENST00000522124,.,.,0.470588235294118,1.0,.
THNSL2,ENST00000324166,.,.,0.470588235294118,1.0,.
MYO15A,ENST00000205890,.,.,0.471552844715528,1.0,.
DCLRE1A,ENST00000361384,.,.,0.472152784721528,1.0,.
NEDD4,ENST00000338963,.,.,0.472727272727273,1.0,.
DAAM2,ENST00000398904,.,.,0.472972972972973,1.0,.
OR8B3,ENST00000354597,.,.,0.472972972972973,1.0,.
DAPK1,ENST00000408954,.,.,0.473684210526316,1.0,.
PHEX,ENST00000379374,.,.,0.473684210526316,1.0,.
ZNF177,ENST00000434737,.,.,0.473684210526316,1.0,.
ASTN1,ENST00000361833,.,.,0.475409836065574,1.0,.
GALR1,ENST00000299727,.,.,0.475524475524476,1.0,.
PRMT8,ENST00000382622,.,.,0.477272727272727,1.0,.
CMSS1,ENST00000421999,.,.,0.47741935483871,1.0,.
PLXNA1,ENST00000393409,.,.,0.47752808988764,1.0,.
SERPINE3,ENST00000521255,.,.,0.479768786127168,1.0,.
HEBP2,ENST00000607197,.,.,0.48,1.0,.
BCOR,ENST00000378444,.,.,0.48025197480252,1.0,.
KIF21A,ENST00000361418,.,.,0.480769230769231,1.0,.
CTPS2,ENST00000443824,.,.,0.48125,1.0,.
CPSF4L,ENST00000344935,.,.,0.482142857142857,1.0,.
RLBP1,ENST00000268125,.,.,0.482758620689655,1.0,.
FIGN,ENST00000333129,.,.,0.483333333333333,1.0,.
SORCS1,ENST00000344440,.,.,0.483333333333333,1.0,.
ABCC4,ENST00000376887,.,.,0.483443708609272,1.0,.
LRRC1,ENST00000370888,.,.,0.484472049689441,1.0,.
GFI1B,ENST00000339463,.,.,0.485714285714286,1.0,.
FOXF1,ENST00000262426,.,.,0.486033519553073,1.0,.
TAF1,ENST00000276072,.,.,0.486033519553073,1.0,.
HTATSF1,ENST00000535601,.,.,0.486151384861514,1.0,.
GPR173,ENST00000332582,.,.,0.486338797814208,1.0,.
FMN1,ENST00000334528,.,.,0.486842105263158,1.0,.
TOPORS,ENST00000360538,.,.,0.486842105263158,1.0,.
USP9X,ENST00000324545,.,.,0.487012987012987,1.0,.
NHSL1,ENST00000427025,.,.,0.48780487804878,1.0,.
NOL8,ENST00000545558,.,.,0.488151658767773,1.0,.
PSPN,ENST00000245810,.,.,0.488151658767773,1.0,.
SLCO2A1,ENST00000310926,.,.,0.488372093023256,1.0,.
PPP4R4,ENST00000304338,.,.,0.489151084891511,1.0,.
JAG1,ENST00000254958,.,.,0.489655172413793,1.0,.
CIITA,ENST00000324288,.,.,0.490291262135922,1.0,.
GOLGB1,ENST00000393667,.,.,0.490322580645161,1.0,.
PCDHA12,ENST00000398631,.,.,0.49079754601227,1.0,.
PCDHA4,ENST00000530339,.,.,0.49079754601227,1.0,.
PCDHB2,ENST00000194155,.,.,0.49079754601227,1.0,.
PCDHGA5,ENST00000518069,.,.,0.49079754601227,1.0,.
TSPAN18,ENST00000340160,.,.,0.49079754601227,1.0,.
TMED3,ENST00000299705,.,.,0.49112426035503,1.0,.
MPP5,ENST00000261681,.,.,0.491228070175439,1.0,.
PLEK2,ENST00000216446,.,.,0.491228070175439,1.0,.
RAPGEF4,ENST00000397081,.,.,0.492890995260663,1.0,.
CRYGC,ENST00000282141,.,.,0.492957746478873,1.0,.
ECE2,ENST00000402825,.,.,0.493023255813954,1.0,.
BMP5,ENST00000370830,.,.,0.493333333333333,1.0,.
NBAS,ENST00000281513,.,.,0.493333333333333,1.0,.
MBTD1,ENST00000586178,.,.,0.493421052631579,1.0,.
ARHGAP5,ENST00000345122,.,.,0.493506493506494,1.0,.
IRX4,ENST00000505790,.,.,0.493506493506494,1.0,.
LPCAT1,ENST00000283415,.,.,0.493506493506494,1.0,.
BDP1,ENST00000358731,.,.,0.49390243902439,1.0,.
B4GALT7,ENST00000029410,.,.,0.493975903614458,1.0,.
PQBP1,ENST00000218224,.,.,0.494047619047619,1.0,.
CD200R1,ENST00000308611,.,.,0.496402877697842,1.0,.
NOC2L,ENST00000327044,.,.,0.496503496503497,1.0,.
FSCN3,ENST00000265825,.,.,0.496894409937888,1.0,.
PIP5K1B,ENST00000265382,.,.,0.496894409937888,1.0,.
HSPA14,ENST00000378372,.,.,0.496932515337423,1.0,.
PITPNM3,ENST00000262483,.,.,0.496932515337423,1.0,.
CLASP1,ENST00000263710,.,.,0.496969696969697,1.0,.
LSM14B,ENST00000279068,.,.,0.497005988023952,1.0,.
SLC7A14,ENST00000231706,.,.,0.497652582159624,1.0,.
TRIM9,ENST00000298355,.,.,0.497652582159624,1.0,.
KIRREL2,ENST00000360202,.,.,0.497674418604651,1.0,.
AMER1,ENST00000330258,.,.,0.5,1.0,.
CEP120,ENST00000306467,.,.,0.5,1.0,.
DSEL,ENST00000310045,.,.,0.5,1.0,.
GOT1L1,ENST00000307599,.,.,0.5,1.0,.
IDH1,ENST00000415913,.,.,0.5,1.0,.
KIF20B,ENST00000260753,.,.,0.5,1.0,.
LNX1,ENST00000263925,.,.,0.5,1.0,.
NAA10,ENST00000464845,.,.,0.5,1.0,.
PLAG1,ENST00000316981,.,.,0.5,1.0,.
RIOK2,ENST00000283109,.,.,0.5,1.0,.
TAZ,ENST00000299328,.,.,0.5,1.0,.
WDR72,ENST00000396328,.,.,0.5,1.0,.
COL6A1,ENST00000361866,.,.,0.501449855014499,1.0,.
KLF3,ENST00000261438,.,.,0.502325581395349,1.0,.
NLRC4,ENST00000404025,.,.,0.502415458937198,1.0,.
RBFOX3,ENST00000415831,.,.,0.502415458937198,1.0,.
FOXN1,ENST00000226247,.,.,0.502549745025497,1.0,.
SKA1,ENST00000285116,.,.,0.503067484662577,1.0,.
MYO18B,ENST00000335473,.,.,0.503105590062112,1.0,.
AIFM1,ENST00000287295,.,.,0.503401360544218,1.0,.
DRAM1,ENST00000258534,.,.,0.503401360544218,1.0,.
HP,ENST00000355906,.,.,0.503401360544218,1.0,.
IFT52,ENST00000373030,.,.,0.50462962962963,1.0,.
UBLCP1,ENST00000296786,.,.,0.504672897196262,1.0,.
PINLYP,ENST00000562365,.,.,0.504716981132076,1.0,.
TEX14,ENST00000240361,.,.,0.504807692307692,1.0,.
ENKUR,ENST00000331161,.,.,0.504854368932039,1.0,.
EPB41L5,ENST00000263713,.,.,0.505882352941176,1.0,.
SCTR,ENST00000019103,.,.,0.505882352941176,1.0,.
ADAM23,ENST00000264377,.,.,0.506024096385542,1.0,.
SPECC1,ENST00000261503,.,.,0.506578947368421,1.0,.
BRCA2,ENST00000544455,.,.,0.506756756756757,1.0,.
PHOX2B,ENST00000226382,.,.,0.506756756756757,1.0,.
KLC1,ENST00000452929,.,.,0.506976744186047,1.0,.
TBC1D2B,ENST00000300584,.,.,0.506976744186047,1.0,.
TDRD9,ENST00000409874,.,.,0.506976744186047,1.0,.
SRPX2,ENST00000373004,.,.,0.508771929824561,1.0,.
ABCC1,ENST00000399410,.,.,0.50887573964497,1.0,.
ID4,ENST00000378700,.,.,0.509090909090909,1.0,.
PKP4,ENST00000389759,.,.,0.509803921568627,1.0,.
IGSF1,ENST00000370903,.,.,0.510311540149188,1.0,.
R3HDM1,ENST00000264160,.,.,0.51219512195122,1.0,.
GSDMC,ENST00000276708,.,.,0.512820512820513,1.0,.
PROX1,ENST00000366958,.,.,0.512820512820513,1.0,.
PTPN14,ENST00000366956,.,.,0.512820512820513,1.0,.
STAG2,ENST00000218089,.,.,0.513513513513513,1.0,.
SHANK2,ENST00000338508,.,.,0.514285714285714,1.0,.
NDN,ENST00000331837,.,.,0.514563106796116,1.0,.
RNF6,ENST00000381588,.,.,0.514563106796116,1.0,.
CD46,ENST00000322875,.,.,0.514792899408284,1.0,.
COL12A1,ENST00000322507,.,.,0.514851485148515,1.0,.
DGKI,ENST00000288490,.,.,0.514925373134328,1.0,.
TSNARE1,ENST00000307180,.,.,0.516339869281046,1.0,.
NHS,ENST00000380060,.,.,0.516666666666667,1.0,.
ARHGEF16,ENST00000378378,.,.,0.518248175182482,1.0,.
DNM3,ENST00000358155,.,.,0.518248175182482,1.0,.
RAPGEF6,ENST00000296859,.,.,0.518248175182482,1.0,.
STARD5,ENST00000302824,.,.,0.518248175182482,1.0,.
SDCCAG8,ENST00000366541,.,.,0.518518518518518,1.0,.
ASIC2,ENST00000225823,.,.,0.519230769230769,1.0,.
KIAA0825,ENST00000427991,.,.,0.519230769230769,1.0,.
KIAA0825,ENST00000329378,.,.,0.519230769230769,1.0,.
MLK4,ENST00000366624,.,.,0.519230769230769,1.0,.
TRANK1,ENST00000429976,.,.,0.520408163265306,1.0,.
MAP2K1,ENST00000307102,.,.,0.52073732718894,1.0,.
TACC1,ENST00000317827,.,.,0.52073732718894,1.0,.
LIFR,ENST00000263409,.,.,0.522292993630573,1.0,.
ANK1,ENST00000265709,.,.,0.522727272727273,1.0,.
IGF2,ENST00000434045,.,.,0.522727272727273,1.0,.
ATP10B,ENST00000327245,.,.,0.523809523809524,1.0,.
SLIT3,ENST00000519560,.,.,0.523809523809524,1.0,.
PTPRM,ENST00000580170,.,.,0.524096385542169,1.0,.
FAM200B,ENST00000422728,.,.,0.524390243902439,1.0,.
IMPA1,ENST00000449740,.,.,0.524752475247525,1.0,.
KCNJ5,ENST00000529694,.,.,0.525,1.0,.
MYO7B,ENST00000428314,.,.,0.525114155251142,1.0,.
CSF2RB,ENST00000403662,.,.,0.525581395348837,1.0,.
KCTD17,ENST00000402077,.,.,0.525581395348837,1.0,.
RAB3GAP2,ENST00000358951,.,.,0.525974025974026,1.0,.
FBXL14,ENST00000339235,.,.,0.526041666666667,1.0,.
CPA6,ENST00000297770,.,.,0.526315789473684,1.0,.
GPD2,ENST00000310454,.,.,0.526315789473684,1.0,.
UTP20,ENST00000261637,.,.,0.526315789473684,1.0,.
CAPN6,ENST00000324068,.,.,0.527272727272727,1.0,.
SCAND3,ENST00000452236,.,.,0.52760736196319,1.0,.
ZKSCAN8,ENST00000330236,.,.,0.52760736196319,1.0,.
DCHS2,ENST00000357232,.,.,0.528301886792453,1.0,.
EPAS1,ENST00000263734,.,.,0.528301886792453,1.0,.
GALNT9,ENST00000397325,.,.,0.528301886792453,1.0,.
IFI44L,ENST00000370751,.,.,0.528301886792453,1.0,.
ERGIC1,ENST00000393784,.,.,0.528571428571429,1.0,.
TAF3,ENST00000344293,.,.,0.528846153846154,1.0,.
SWT1,ENST00000367500,.,.,0.529032258064516,1.0,.
YME1L1,ENST00000326799,.,.,0.529032258064516,1.0,.
HECTD1,ENST00000399332,.,.,0.52914798206278,1.0,.
KLF10,ENST00000285407,.,.,0.52914798206278,1.0,.
NAA16,ENST00000379406,.,.,0.529247075292471,1.0,.
SLITRK4,ENST00000381779,.,.,0.529411764705882,1.0,.
SESTD1,ENST00000428443,.,.,0.52991452991453,1.0,.
IGF2BP1,ENST00000290341,.,.,0.530172413793103,1.0,.
ITPKB,ENST00000429204,.,.,0.53030303030303,1.0,.
LEPREL4,ENST00000355468,.,.,0.53030303030303,1.0,.
LIN9,ENST00000328205,.,.,0.53030303030303,1.0,.
PHKA2,ENST00000379942,.,.,0.530434782608696,1.0,.
XPNPEP2,ENST00000371106,.,.,0.530434782608696,1.0,.
CYB5RL,ENST00000419823,.,.,0.530612244897959,1.0,.
CEP152,ENST00000380950,.,.,0.531428571428571,1.0,.
SIK3,ENST00000292055,.,.,0.531428571428571,1.0,.
UNC13B,ENST00000378495,.,.,0.531531531531532,1.0,.
ADNP2,ENST00000262198,.,.,0.531645569620253,1.0,.
LYRM2,ENST00000523377,.,.,0.531645569620253,1.0,.
SRPR,ENST00000332118,.,.,0.531645569620253,1.0,.
RAB3IP,ENST00000550536,.,.,0.532051282051282,1.0,.
DIAPH3,ENST00000400324,.,.,0.532110091743119,1.0,.
DSG3,ENST00000257189,.,.,0.532710280373832,1.0,.
MAPK8IP2,ENST00000329492,.,.,0.533101045296167,1.0,.
RBCK1,ENST00000356286,.,.,0.533333333333333,1.0,.
SARDH,ENST00000371872,.,.,0.533333333333333,1.0,.
ZRANB1,ENST00000359653,.,.,0.533632286995516,1.0,.
ZNF614,ENST00000270649,.,.,0.533980582524272,1.0,.
LCP2,ENST00000046794,.,.,0.534653465346535,1.0,.
MARK2,ENST00000402010,.,.,0.53469387755102,1.0,.
SLC22A9,ENST00000279178,.,.,0.53469387755102,1.0,.
SCARB1,ENST00000261693,.,.,0.535,1.0,.
DAGLA,ENST00000257215,.,.,0.535211267605634,1.0,.
CDH20,ENST00000262717,.,.,0.535483870967742,1.0,.
TAF1C,ENST00000567759,.,.,0.535714285714286,1.0,.
DMKN,ENST00000339686,.,.,0.536231884057971,1.0,.
ATP13A2,ENST00000326735,.,.,0.536458333333333,1.0,.
ROCK2,ENST00000315872,.,.,0.536458333333333,1.0,.
CD3E,ENST00000361763,.,.,0.536764705882353,1.0,.
NOL6,ENST00000297990,.,.,0.536764705882353,1.0,.
SLC18B1,ENST00000275227,.,.,0.537037037037037,1.0,.
NCAPD2,ENST00000315579,.,.,0.537593984962406,1.0,.
TLDC2,ENST00000217320,.,.,0.537593984962406,1.0,.
ARHGAP23,ENST00000431231,.,.,0.537777777777778,1.0,.
GPR179,ENST00000342292,.,.,0.537777777777778,1.0,.
LDLRAP1,ENST00000374338,.,.,0.537777777777778,1.0,.
ITSN2,ENST00000355123,.,.,0.538071065989848,1.0,.
DLGAP1,ENST00000315677,.,.,0.538461538461538,1.0,.
GSTA2,ENST00000493422,.,.,0.538461538461538,1.0,.
AGTPBP1,ENST00000376083,.,.,0.538961038961039,1.0,.
RNF146,ENST00000368314,.,.,0.539325842696629,1.0,.
SNX7,ENST00000306121,.,.,0.539325842696629,1.0,.
TBX18,ENST00000369663,.,.,0.539325842696629,1.0,.
CHD5,ENST00000262450,.,.,0.54006968641115,1.0,.
LBX2,ENST00000460508,.,.,0.54006968641115,1.0,.
SLC23A1,ENST00000353963,.,.,0.54006968641115,1.0,.
NKX2-3,ENST00000344586,.,.,0.540425531914894,1.0,.
SLC45A1,ENST00000471889,.,.,0.54071661237785,1.0,.
TAF6L,ENST00000294168,.,.,0.540983606557377,1.0,.
MED13,ENST00000397786,.,.,0.541062801932367,1.0,.
VARS,ENST00000375663,.,.,0.541379310344828,1.0,.
C17orf85,ENST00000389005,.,.,0.541484716157205,1.0,.
CLASP2,ENST00000468888,.,.,0.541484716157205,1.0,.
HDHD3,ENST00000238379,.,.,0.541484716157205,1.0,.
ITGAE,ENST00000263087,.,.,0.541484716157205,1.0,.
GPR84,ENST00000551809,.,.,0.541666666666667,1.0,.
MDGA1,ENST00000434837,.,.,0.541832669322709,1.0,.
RNF8,ENST00000373479,.,.,0.541832669322709,1.0,.
LTBP2,ENST00000261978,.,.,0.541958041958042,1.0,.
CER1,ENST00000380911,.,.,0.542056074766355,1.0,.
FAM111B,ENST00000343597,.,.,0.542056074766355,1.0,.
C2CD3,ENST00000313663,.,.,0.542124542124542,1.0,.
LUZP1,ENST00000302291,.,.,0.542207792207792,1.0,.
MGA,ENST00000219905,.,.,0.542207792207792,1.0,.
GMIP,ENST00000203556,.,.,0.542372881355932,1.0,.
TBX3,ENST00000257566,.,.,0.542483660130719,1.0,.
GCN1L1,ENST00000300648,.,.,0.542600896860987,1.0,.
PXN,ENST00000267257,.,.,0.542600896860987,1.0,.
SH3BGR,ENST00000333634,.,.,0.542713567839196,1.0,.
DPYSL5,ENST00000288699,.,.,0.54275092936803,1.0,.
HCK,ENST00000375852,.,.,0.54296875,1.0,.
DCAF10,ENST00000377724,.,.,0.54337899543379,1.0,.
LRRC24,ENST00000529415,.,.,0.54337899543379,1.0,.
TMEM249,ENST00000398633,.,.,0.54337899543379,1.0,.
TONSL,ENST00000409379,.,.,0.54337899543379,1.0,.
GDPD1,ENST00000284116,.,.,0.543689320388349,1.0,.
TACC3,ENST00000313288,.,.,0.544,1.0,.
ALPK3,ENST00000258888,.,.,0.544117647058823,1.0,.
MAZ,ENST00000219782,.,.,0.54421768707483,1.0,.
MVP,ENST00000357402,.,.,0.54421768707483,1.0,.
INTS3,ENST00000318967,.,.,0.545023696682464,1.0,.
RSPH10B,ENST00000405415,.,.,0.545126353790614,1.0,.
L3MBTL3,ENST00000529410,.,.,0.545454545454545,1.0,.
SLC25A47,ENST00000361529,.,.,0.545454545454545,1.0,.
MYH1,ENST00000226207,.,.,0.545853444493199,1.0,.
NOS2,ENST00000313735,.,.,0.545893719806763,1.0,.
SLC20A1,ENST00000272542,.,.,0.545893719806763,1.0,.
COL6A6,ENST00000358511,.,.,0.546001960509732,1.0,.
CACNA1H,ENST00000348261,.,.,0.546511627906977,1.0,.
MAPK8IP3,ENST00000250894,.,.,0.546511627906977,1.0,.
HELZ2,ENST00000467148,.,.,0.546712802768166,1.0,.
NLRC5,ENST00000262510,.,.,0.546712802768166,1.0,.
OPRL1,ENST00000349451,.,.,0.546712802768166,1.0,.
STIL,ENST00000371877,.,.,0.54679802955665,1.0,.
CELSR1,ENST00000262738,.,.,0.547038327526132,1.0,.
CEP250,ENST00000397527,.,.,0.547038327526132,1.0,.
ZAN,ENST00000546292,.,.,0.547038327526132,1.0,.
CDH11,ENST00000268603,.,.,0.547169811320755,1.0,.
RAD54L,ENST00000371975,.,.,0.547645235476452,1.0,.
DHX16,ENST00000376442,.,.,0.548717948717949,1.0,.
TRPV4,ENST00000418703,.,.,0.549090909090909,1.0,.
CETP,ENST00000200676,.,.,0.549488054607508,1.0,.
PTH1R,ENST00000313049,.,.,0.55,1.0,.
RAB7L1,ENST00000367139,.,.,0.550218340611354,1.0,.
OCIAD2,ENST00000508632,.,.,0.55050505050505,1.0,.
COL18A1,ENST00000355480,.,.,0.551020408163265,1.0,.
SELV,ENST00000335426,.,.,0.551219512195122,1.0,.
PRODH,ENST00000357068,.,.,0.551282051282051,1.0,.
ADCK4,ENST00000324464,.,.,0.551470588235294,1.0,.
AXL,ENST00000301178,.,.,0.551470588235294,1.0,.
RASSF1,ENST00000357043,.,.,0.551470588235294,1.0,.
NTF3,ENST00000423158,.,.,0.551724137931034,1.0,.
DNAJB8,ENST00000469083,.,.,0.551839464882943,1.0,.
MED29,ENST00000315588,.,.,0.551839464882943,1.0,.
SARS2,ENST00000600042,.,.,0.551839464882943,1.0,.
CARD6,ENST00000254691,.,.,0.551948051948052,1.0,.
RASAL3,ENST00000343625,.,.,0.552238805970149,1.0,.
HIST1H3J,ENST00000359303,.,.,0.553191489361702,1.0,.
HIST1H4K,ENST00000357549,.,.,0.553191489361702,1.0,.
PLK4,ENST00000270861,.,.,0.553333333333333,1.0,.
MRPS15,ENST00000373116,.,.,0.553505535055351,1.0,.
NLGN2,ENST00000302926,.,.,0.553505535055351,1.0,.
TMEM102,ENST00000323206,.,.,0.553505535055351,1.0,.
ZNF318,ENST00000361428,.,.,0.553505535055351,1.0,.
PCSK7,ENST00000320934,.,.,0.553990610328638,1.0,.
SYTL2,ENST00000354566,.,.,0.553990610328638,1.0,.
DCN,ENST00000052754,.,.,0.55421686746988,1.0,.
FBXO15,ENST00000419743,.,.,0.55421686746988,1.0,.
NALCN,ENST00000251127,.,.,0.554347826086957,1.0,.
OSGIN1,ENST00000361711,.,.,0.554347826086957,1.0,.
BBS10,ENST00000393262,.,.,0.554455445544555,1.0,.
CYSLTR2,ENST00000282018,.,.,0.554455445544555,1.0,.
MED6,ENST00000256379,.,.,0.554455445544555,1.0,.
PTPRN,ENST00000295718,.,.,0.554455445544555,1.0,.
ALG9,ENST00000531154,.,.,0.555555555555556,1.0,.
NCKAP5L,ENST00000335999,.,.,0.555555555555556,1.0,.
SCAP,ENST00000265565,.,.,0.555956678700361,1.0,.
ADAMTSL4,ENST00000271643,.,.,0.555970149253731,1.0,.
C1orf51,ENST00000290363,.,.,0.555970149253731,1.0,.
ECM1,ENST00000369049,.,.,0.555970149253731,1.0,.
PTPRD,ENST00000381196,.,.,0.556915544675643,1.0,.
SLC25A46,ENST00000355943,.,.,0.556962025316456,1.0,.
MYH7B,ENST00000262873,.,.,0.557971014492754,1.0,.
PIGA,ENST00000333590,.,.,0.558441558441558,1.0,.
PTHLH,ENST00000395872,.,.,0.559055118110236,1.0,.
EVC2,ENST00000344408,.,.,0.559139784946237,1.0,.
LRRC7,ENST00000035383,.,.,0.559139784946237,1.0,.
OSBPL7,ENST00000007414,.,.,0.56015037593985,1.0,.
C12orf10,ENST00000267103,.,.,0.560606060606061,1.0,.
DIP2C,ENST00000280886,.,.,0.561111111111111,1.0,.
ABHD17B,ENST00000377041,.,.,0.561290322580645,1.0,.
CCDC3,ENST00000378825,.,.,0.561797752808989,1.0,.
TSHZ1,ENST00000322038,.,.,0.561797752808989,1.0,.
CATSPERB,ENST00000256343,.,.,0.563218390804598,1.0,.
KCNQ5,ENST00000342056,.,.,0.564516129032258,1.0,.
TRMT10A,ENST00000273962,.,.,0.564516129032258,1.0,.
ATG13,ENST00000528494,.,.,0.564748201438849,1.0,.
MID1,ENST00000317552,.,.,0.564885496183206,1.0,.
LRFN2,ENST00000338305,.,.,0.565217391304348,1.0,.
AK5,ENST00000354567,.,.,0.565891472868217,1.0,.
KATNAL2,ENST00000245121,.,.,0.566037735849057,1.0,.
AGK,ENST00000355413,.,.,0.567164179104478,1.0,.
WEE2,ENST00000397541,.,.,0.567164179104478,1.0,.
EBF4,ENST00000380648,.,.,0.568181818181818,1.0,.
CACNA2D3,ENST00000474759,.,.,0.568421052631579,1.0,.
MBD2,ENST00000256429,.,.,0.568421052631579,1.0,.
SLC16A2,ENST00000587091,.,.,0.569230769230769,1.0,.
DCAF12L2,ENST00000538699,.,.,0.571428571428571,1.0,.
TRPC5,ENST00000262839,.,.,0.571428571428571,1.0,.
TTC28,ENST00000397906,.,.,0.572815533980582,1.0,.
PRDM1,ENST00000369096,.,.,0.573863636363636,1.0,.
UHRF2,ENST00000276893,.,.,0.573863636363636,1.0,.
FMNL2,ENST00000288670,.,.,0.575,1.0,.
RFX6,ENST00000332958,.,.,0.575,1.0,.
RIPPLY1,ENST00000276173,.,.,0.575,1.0,.
CABIN1,ENST00000398319,.,.,0.575510204081633,1.0,.
MSH4,ENST00000263187,.,.,0.575757575757576,1.0,.
THSD7B,ENST00000272643,.,.,0.575757575757576,1.0,.
ACTRT2,ENST00000378404,.,.,0.577540106951872,1.0,.
PEX10,ENST00000288774,.,.,0.577540106951872,1.0,.
FGGY,ENST00000371218,.,.,0.577639751552795,1.0,.
GPR182,ENST00000300098,.,.,0.577868852459016,1.0,.
NACA,ENST00000550952,.,.,0.577868852459016,1.0,.
METTL15,ENST00000407364,.,.,0.578313253012048,1.0,.
LUC7L3,ENST00000505658,.,.,0.579166666666667,1.0,.
TNFRSF11B,ENST00000297350,.,.,0.579617834394904,1.0,.
MROH9,ENST00000367759,.,.,0.579710144927536,1.0,.
SNTG2,ENST00000308624,.,.,0.579710144927536,1.0,.
RHBDL1,ENST00000219551,.,.,0.580508474576271,1.0,.
WDR90,ENST00000293879,.,.,0.580508474576271,1.0,.
MSL2,ENST00000309993,.,.,0.580645161290323,1.0,.
ZNF790,ENST00000356725,.,.,0.580645161290323,1.0,.
CCK,ENST00000396169,.,.,0.582089552238806,1.0,.
TENM2,ENST00000518659,.,.,0.582278481012658,1.0,.
PPARGC1A,ENST00000264867,.,.,0.583333333333333,1.0,.
CHD7,ENST00000423902,.,.,0.584415584415584,1.0,.
LRRC9,ENST00000445360,.,.,0.584415584415584,1.0,.
URI1,ENST00000542441,.,.,0.584415584415584,1.0,.
MRGPRX3,ENST00000396275,.,.,0.585,1.0,.
CRIP2,ENST00000483017,.,.,0.585820895522388,1.0,.
ALPP,ENST00000392027,.,.,0.586021505376344,1.0,.
AMH,ENST00000221496,.,.,0.586206896551724,1.0,.
DOT1L,ENST00000398665,.,.,0.586206896551724,1.0,.
SYTL1,ENST00000543823,.,.,0.586206896551724,1.0,.
DNAJC8,ENST00000263697,.,.,0.587234042553191,1.0,.
RAX2,ENST00000555633,.,.,0.587234042553191,1.0,.
HCAR2,ENST00000328880,.,.,0.587939698492462,1.0,.
SNRNP35,ENST00000412157,.,.,0.587939698492462,1.0,.
PCDHA10,ENST00000307360,.,.,0.588241175882412,1.0,.
LRSAM1,ENST00000323301,.,.,0.588832487309645,1.0,.
NES,ENST00000368223,.,.,0.588832487309645,1.0,.
STAP2,ENST00000600324,.,.,0.588832487309645,1.0,.
CLPTM1,ENST00000337392,.,.,0.588983050847458,1.0,.
PLCB3,ENST00000540288,.,.,0.588983050847458,1.0,.
PVR,ENST00000425690,.,.,0.588983050847458,1.0,.
SNX15,ENST00000377244,.,.,0.588983050847458,1.0,.
ACSL1,ENST00000515030,.,.,0.590163934426229,1.0,.
ATP1A2,ENST00000361216,.,.,0.590163934426229,1.0,.
DCAF8,ENST00000368073,.,.,0.590163934426229,1.0,.
SP3,ENST00000310015,.,.,0.590163934426229,1.0,.
ADCY7,ENST00000394697,.,.,0.591397849462366,1.0,.
LRRC27,ENST00000368614,.,.,0.592964824120603,1.0,.
NLGN4X,ENST00000381095,.,.,0.593023255813954,1.0,.
KIAA1462,ENST00000375377,.,.,0.593582887700535,1.0,.
ANKRD52,ENST00000267116,.,.,0.593607305936073,1.0,.
RDH5,ENST00000257895,.,.,0.593607305936073,1.0,.
CST6,ENST00000312134,.,.,0.595744680851064,1.0,.
FAM69B,ENST00000371692,.,.,0.595744680851064,1.0,.
FLYWCH1,ENST00000416288,.,.,0.595744680851064,1.0,.
HGSNAT,ENST00000379644,.,.,0.595744680851064,1.0,.
HLA-DMA,ENST00000374843,.,.,0.595744680851064,1.0,.
MON1A,ENST00000296473,.,.,0.595744680851064,1.0,.
MRPS7,ENST00000245539,.,.,0.595744680851064,1.0,.
PCNXL3,ENST00000355703,.,.,0.595744680851064,1.0,.
RHOA,ENST00000418115,.,.,0.595744680851064,1.0,.
RNF151,ENST00000569714,.,.,0.595744680851064,1.0,.
RPS2,ENST00000343262,.,.,0.595744680851064,1.0,.
SDF4,ENST00000360001,.,.,0.595744680851064,1.0,.
SEC16A,ENST00000313050,.,.,0.595744680851064,1.0,.
SLC9A5,ENST00000299798,.,.,0.595744680851064,1.0,.
ZDHHC12,ENST00000372663,.,.,0.595744680851064,1.0,.
KCNC1,ENST00000265969,.,.,0.596774193548387,1.0,.
TMCO3,ENST00000434316,.,.,0.596774193548387,1.0,.
USH1C,ENST00000005226,.,.,0.596774193548387,1.0,.
MAGEA3,ENST00000393902,.,.,0.597222222222222,1.0,.
SLC29A1,ENST00000393841,.,.,0.597989949748744,1.0,.
FGD4,ENST00000427716,.,.,0.601010101010101,1.0,.
BCL7C,ENST00000215115,.,.,0.601092896174863,1.0,.
CDKN2D,ENST00000393599,.,.,0.601092896174863,1.0,.
DCST1,ENST00000295542,.,.,0.601092896174863,1.0,.
DOC2A,ENST00000350119,.,.,0.601092896174863,1.0,.
FBRS,ENST00000356166,.,.,0.601092896174863,1.0,.
ZC3H4,ENST00000253048,.,.,0.601092896174863,1.0,.
RREB1,ENST00000379938,.,.,0.601639836016398,1.0,.
SPOCD1,ENST00000360482,.,.,0.602139786021398,1.0,.
RC3H2,ENST00000373670,.,.,0.603174603174603,1.0,.
SLC45A4,ENST00000024061,.,.,0.603260869565217,1.0,.
LRRIQ1,ENST00000393217,.,.,0.606060606060606,1.0,.
KCNH4,ENST00000264661,.,.,0.607439256074393,1.0,.
PC,ENST00000393960,.,.,0.611838816118388,1.0,.
SPTAN1,ENST00000372739,.,.,0.615238476152385,1.0,.
MYBPC1,ENST00000452455,.,.,0.616247755834829,1.0,.
SPHKAP,ENST00000392056,.,.,0.617438256174383,1.0,.
LTBP1,ENST00000404816,.,.,0.620481927710843,1.0,.
GRID2,ENST00000282020,.,.,0.620689655172414,1.0,.
CLDND2,ENST00000291715,.,.,0.620915032679739,1.0,.
REST,ENST00000309042,.,.,0.623376623376623,1.0,.
DCAF6,ENST00000367840,.,.,0.624242424242424,1.0,.
ATP11C,ENST00000327569,.,.,0.625,1.0,.
BCORL1,ENST00000540052,.,.,0.625850340136054,1.0,.
GPR119,ENST00000276218,.,.,0.625850340136054,1.0,.
OTOP1,ENST00000296358,.,.,0.625850340136054,1.0,.
ZDBF2,ENST00000374423,.,.,0.626506024096386,1.0,.
N4BP1,ENST00000262384,.,.,0.627450980392157,1.0,.
PMEPA1,ENST00000341744,.,.,0.628378378378378,1.0,.
TM2D1,ENST00000371180,.,.,0.629139072847682,1.0,.
SLC12A1,ENST00000396577,.,.,0.62953704629537,1.0,.
DMBT1,ENST00000368909,.,.,0.632506255212677,1.0,.
WBSCR17,ENST00000333538,.,.,0.633333333333333,1.0,.
IFLTD1,ENST00000458174,.,.,0.633540372670807,1.0,.
OR2D2,ENST00000299459,.,.,0.633540372670807,1.0,.
C16orf62,ENST00000438132,.,.,0.634146341463415,1.0,.
OFCC1,ENST00000316020,.,.,0.634615384615385,1.0,.
C5orf47,ENST00000340147,.,.,0.635838150289017,1.0,.
U2SURP,ENST00000473835,.,.,0.636871508379888,1.0,.
NGF,ENST00000369512,.,.,0.63758389261745,1.0,.
NKAP,ENST00000371410,.,.,0.63758389261745,1.0,.
ARHGAP22,ENST00000417912,.,.,0.637936206379362,1.0,.
CAPN13,ENST00000295055,.,.,0.639240506329114,1.0,.
CXorf23,ENST00000379687,.,.,0.639240506329114,1.0,.
IQSEC2,ENST00000396435,.,.,0.639344262295082,1.0,.
HPS4,ENST00000398145,.,.,0.639751552795031,1.0,.
KIDINS220,ENST00000256707,.,.,0.640243902439024,1.0,.
C8orf47,ENST00000318528,.,.,0.641509433962264,1.0,.
POP1,ENST00000401707,.,.,0.641509433962264,1.0,.
OR10A7,ENST00000326258,.,.,0.642384105960265,1.0,.
TECTA,ENST00000392793,.,.,0.642384105960265,1.0,.
AK8,ENST00000298545,.,.,0.642857142857143,1.0,.
GPR113,ENST00000311519,.,.,0.642857142857143,1.0,.
ZNF431,ENST00000311048,.,.,0.642857142857143,1.0,.
C4orf45,ENST00000434826,.,.,0.644736842105263,1.0,.
CHD9,ENST00000566029,.,.,0.644736842105263,1.0,.
C10orf113,ENST00000534331,.,.,0.646341463414634,1.0,.
CLEC9A,ENST00000355819,.,.,0.646666666666667,1.0,.
ABI3BP,ENST00000284322,.,.,0.647398843930636,1.0,.
OR6M1,ENST00000309154,.,.,0.649006622516556,1.0,.
TMEM225,ENST00000375026,.,.,0.649006622516556,1.0,.
A4GALT,ENST00000401850,.,.,0.649746192893401,1.0,.
CLDN19,ENST00000296387,.,.,0.649746192893401,1.0,.
COBL,ENST00000265136,.,.,0.650793650793651,1.0,.
AIFM3,ENST00000399167,.,.,0.650862068965517,1.0,.
PLCH1,ENST00000340059,.,.,0.651006711409396,1.0,.
PLXNA3,ENST00000369682,.,.,0.651376146788991,1.0,.
LRRC42,ENST00000371370,.,.,0.653061224489796,1.0,.
IQCA1,ENST00000409907,.,.,0.653333333333333,1.0,.
GPR116,ENST00000283296,.,.,0.653846153846154,1.0,.
OVGP1,ENST00000369732,.,.,0.653846153846154,1.0,.
RIMBP3,ENST00000426804,.,.,0.655172413793103,1.0,.
ARHGAP33,ENST00000314737,.,.,0.655813953488372,1.0,.
C19orf59,ENST00000333598,.,.,0.655813953488372,1.0,.
CAMSAP3,ENST00000446248,.,.,0.655813953488372,1.0,.
CNTRL,ENST00000373855,.,.,0.655813953488372,1.0,.
SBSN,ENST00000452271,.,.,0.655813953488372,1.0,.
KIF13B,ENST00000524189,.,.,0.656108597285068,1.0,.
ABTB2,ENST00000435224,.,.,0.656565656565657,1.0,.
KIAA0556,ENST00000261588,.,.,0.657034296570343,1.0,.
C10orf90,ENST00000284694,.,.,0.657142857142857,1.0,.
ZFYVE26,ENST00000347230,.,.,0.657142857142857,1.0,.
MREG,ENST00000263268,.,.,0.657276995305164,1.0,.
ARID3B,ENST00000346246,.,.,0.657692307692308,1.0,.
ZNF645,ENST00000323684,.,.,0.657894736842105,1.0,.
ARMC5,ENST00000268314,.,.,0.658385093167702,1.0,.
TAS1R1,ENST00000333172,.,.,0.658536585365854,1.0,.
SELPLG,ENST00000228463,.,.,0.658767772511848,1.0,.
KLK14,ENST00000391802,.,.,0.660130718954248,1.0,.
ZIM3,ENST00000269834,.,.,0.660194174757282,1.0,.
SSTR3,ENST00000328544,.,.,0.66046511627907,1.0,.
TEX33,ENST00000405091,.,.,0.66046511627907,1.0,.
CCDC102B,ENST00000360242,.,.,0.661290322580645,1.0,.
GBA2,ENST00000378103,.,.,0.662162162162162,1.0,.
GRM6,ENST00000231188,.,.,0.662251655629139,1.0,.
CNST,ENST00000366513,.,.,0.662576687116564,1.0,.
MAGT1,ENST00000358075,.,.,0.663157894736842,1.0,.
ZSCAN16,ENST00000340487,.,.,0.663333666633337,1.0,.
TRH,ENST00000302649,.,.,0.663461538461538,1.0,.
BSPRY,ENST00000374183,.,.,0.663755458515284,1.0,.
RNF112,ENST00000461366,.,.,0.663865546218487,1.0,.
CNR2,ENST00000536471,.,.,0.664285714285714,1.0,.
ZNF776,ENST00000317178,.,.,0.664634146341463,1.0,.
ZNF814,ENST00000435989,.,.,0.664634146341463,1.0,.
MERTK,ENST00000295408,.,.,0.66504854368932,1.0,.
KIAA0226,ENST00000296343,.,.,0.665236051502146,1.0,.
CSF1R,ENST00000286301,.,.,0.665480427046263,1.0,.
PPARGC1B,ENST00000309241,.,.,0.665480427046263,1.0,.
ABCC12,ENST00000311303,.,.,0.666666666666667,1.0,.
EML4,ENST00000318522,.,.,0.666666666666667,1.0,.
LRRC16A,ENST00000329474,.,.,0.666666666666667,1.0,.
MAGEB3,ENST00000361644,.,.,0.666666666666667,1.0,.
MOCOS,ENST00000261326,.,.,0.666666666666667,1.0,.
NR0B1,ENST00000378970,.,.,0.666666666666667,1.0,.
NXF5,ENST00000537026,.,.,0.666666666666667,1.0,.
PCNT,ENST00000359568,.,.,0.666666666666667,1.0,.
SLC17A4,ENST00000377905,.,.,0.666666666666667,1.0,.
SLC38A5,ENST00000376876,.,.,0.666666666666667,1.0,.
WDFY4,ENST00000325239,.,.,0.667833216678332,1.0,.
EPS8L2,ENST00000533256,.,.,0.667857142857143,1.0,.
PIDD,ENST00000347755,.,.,0.667857142857143,1.0,.
STRIP2,ENST00000249344,.,.,0.667857142857143,1.0,.
RBM23,ENST00000359890,.,.,0.668032786885246,1.0,.
EFR3B,ENST00000403714,.,.,0.668269230769231,1.0,.
TMEM237,ENST00000409883,.,.,0.668292682926829,1.0,.
FAM153B,ENST00000515817,.,.,0.668674698795181,1.0,.
CA5B,ENST00000318636,.,.,0.668831168831169,1.0,.
ELFN1,ENST00000424383,.,.,0.669387755102041,1.0,.
GP6,ENST00000310373,.,.,0.669767441860465,1.0,.
CARD14,ENST00000573882,.,.,0.670250896057348,1.0,.
MORC2,ENST00000215862,.,.,0.670250896057348,1.0,.
SGSH,ENST00000326317,.,.,0.670250896057348,1.0,.
ZNF438,ENST00000436087,.,.,0.67065868263473,1.0,.
GEM,ENST00000297596,.,.,0.671232876712329,1.0,.
KPNA7,ENST00000327442,.,.,0.671497584541063,1.0,.
NEUROG3,ENST00000242462,.,.,0.671497584541063,1.0,.
DCDC1,ENST00000597505,.,.,0.672131147540984,1.0,.
PI16,ENST00000373674,.,.,0.672131147540984,1.0,.
SLC4A9,ENST00000230993,.,.,0.672131147540984,1.0,.
TMEM223,ENST00000307366,.,.,0.672131147540984,1.0,.
FOXC1,ENST00000380874,.,.,0.673076923076923,1.0,.
ARMCX2,ENST00000328766,.,.,0.673333333333333,1.0,.
ARMCX6,ENST00000539247,.,.,0.673333333333333,1.0,.
ZNF76,ENST00000373953,.,.,0.674267100977199,1.0,.
ADAMTS7,ENST00000388820,.,.,0.674556213017751,1.0,.
ANO10,ENST00000292246,.,.,0.674556213017751,1.0,.
RRAD,ENST00000299759,.,.,0.674641148325359,1.0,.
VWA5B1,ENST00000375079,.,.,0.674641148325359,1.0,.
FBXO11,ENST00000403359,.,.,0.675324675324675,1.0,.
PDLIM3,ENST00000284770,.,.,0.675496688741722,1.0,.
CITED1,ENST00000453707,.,.,0.676923076923077,1.0,.
RGAG4,ENST00000545866,.,.,0.676923076923077,1.0,.
AGAP3,ENST00000397238,.,.,0.677725118483412,1.0,.
ZBED6CL,ENST00000343855,.,.,0.677725118483412,1.0,.
PDE4D,ENST00000340635,.,.,0.677966101694915,1.0,.
ZSWIM1,ENST00000372523,.,.,0.678391959798995,1.0,.
CCDC22,ENST00000376227,.,.,0.678899082568807,1.0,.
GAGE12H,ENST00000381722,.,.,0.678899082568807,1.0,.
REV1,ENST00000258428,.,.,0.67973202679732,1.0,.
BAI1,ENST00000517894,.,.,0.679738562091503,1.0,.
HCRTR2,ENST00000370862,.,.,0.68,1.0,.
BVES,ENST00000314641,.,.,0.680272108843537,1.0,.
TBC1D8B,ENST00000357242,.,.,0.68125,1.0,.
CXorf58,ENST00000379211,.,.,0.681528662420382,1.0,.
MIIP,ENST00000235332,.,.,0.684729064039409,1.0,.
OLFM4,ENST00000219022,.,.,0.684931506849315,1.0,.
MCMDC2,ENST00000422365,.,.,0.685446009389671,1.0,.
PPFIA4,ENST00000367240,.,.,0.686274509803922,1.0,.
RIMBP2,ENST00000261655,.,.,0.686406460296097,1.0,.
EPG5,ENST00000282041,.,.,0.686635944700461,1.0,.
SLC14A1,ENST00000436407,.,.,0.686635944700461,1.0,.
AGAP1,ENST00000304032,.,.,0.686831316868313,1.0,.
TRIM40,ENST00000307859,.,.,0.687179487179487,1.0,.
AKNA,ENST00000307564,.,.,0.6875,1.0,.
C12orf50,ENST00000298699,.,.,0.6875,1.0,.
ARHGEF40,ENST00000298694,.,.,0.688073394495413,1.0,.
ATG9A,ENST00000409618,.,.,0.688331166883312,1.0,.
SCAF8,ENST00000367178,.,.,0.688622754491018,1.0,.
LMTK2,ENST00000297293,.,.,0.689075630252101,1.0,.
SMAP1,ENST00000370455,.,.,0.689075630252101,1.0,.
SSC5D,ENST00000389623,.,.,0.689265536723164,1.0,.
STAU2,ENST00000524300,.,.,0.689265536723164,1.0,.
CHGA,ENST00000216492,.,.,0.689497716894977,1.0,.
FCHO2,ENST00000430046,.,.,0.689497716894977,1.0,.
ZNF730,ENST00000597761,.,.,0.689655172413793,1.0,.
ESCO2,ENST00000305188,.,.,0.689814814814815,1.0,.
ZSWIM8,ENST00000398706,.,.,0.68993100689931,1.0,.
KIAA0430,ENST00000396368,.,.,0.690530946905309,1.0,.
DOCK4,ENST00000437633,.,.,0.691056910569106,1.0,.
KIAA1328,ENST00000280020,.,.,0.691056910569106,1.0,.
PIEZO1,ENST00000301015,.,.,0.691449814126394,1.0,.
GAS2,ENST00000454584,.,.,0.692307692307692,1.0,.
ZNF112,ENST00000337401,.,.,0.693396226415094,1.0,.
ZNF519,ENST00000590202,.,.,0.694444444444444,1.0,.
CACNA1I,ENST00000402142,.,.,0.695,1.0,.
FAM217A,ENST00000274673,.,.,0.695121951219512,1.0,.
TOP1MT,ENST00000329245,.,.,0.695530446955304,1.0,.
FLNC,ENST00000325888,.,.,0.695730426957304,1.0,.
PLEKHB1,ENST00000354190,.,.,0.695970695970696,1.0,.
LPPR4,ENST00000370185,.,.,0.696629213483146,1.0,.
COL6A5,ENST00000265379,.,.,0.69672131147541,1.0,.
APOL5,ENST00000249044,.,.,0.696864111498258,1.0,.
NSUN4,ENST00000474844,.,.,0.696969696969697,1.0,.
PLCG2,ENST00000359376,.,.,0.697830216978302,1.0,.
RPRD2,ENST00000369068,.,.,0.697830216978302,1.0,.
TMEM189-UBE2V1,ENST00000341698,.,.,0.698181818181818,1.0,.
TANK,ENST00000392749,.,.,0.699346405228758,1.0,.
GPANK1,ENST00000375906,.,.,0.7,1.0,.
PJA1,ENST00000361478,.,.,0.7,1.0,.
AAR2,ENST00000373932,.,.,0.700348432055749,1.0,.
HES3,ENST00000377898,.,.,0.700348432055749,1.0,.
DACT2,ENST00000366795,.,.,0.701149425287356,1.0,.
KIF13A,ENST00000259711,.,.,0.701149425287356,1.0,.
SIPA1L2,ENST00000366630,.,.,0.701298701298701,1.0,.
MTERFD1,ENST00000287025,.,.,0.702329767023298,1.0,.
RBAK-RBAKDN,ENST00000396904,.,.,0.702797202797203,1.0,.
UBQLN2,ENST00000338222,.,.,0.703843255463451,1.0,.
C1orf127,ENST00000377004,.,.,0.703883495145631,1.0,.
AOC3,ENST00000308423,.,.,0.704119850187266,1.0,.
ZBTB4,ENST00000311403,.,.,0.70479704797048,1.0,.
CCDC141,ENST00000420890,.,.,0.705128205128205,1.0,.
MEIOB,ENST00000412554,.,.,0.705426356589147,1.0,.
AP3B2,ENST00000261722,.,.,0.705555555555556,1.0,.
NBPF9,ENST00000375552,.,.,0.705882352941177,1.0,.
ANTXRL,ENST00000447511,.,.,0.706422018348624,1.0,.
CD163L1,ENST00000313599,.,.,0.707547169811321,1.0,.
OR52K1,ENST00000307632,.,.,0.707547169811321,1.0,.
RIN2,ENST00000255006,.,.,0.707547169811321,1.0,.
LSMEM1,ENST00000312849,.,.,0.707865168539326,1.0,.
NEFM,ENST00000221166,.,.,0.707865168539326,1.0,.
PRR13,ENST00000429243,.,.,0.708333333333333,1.0,.
UPRT,ENST00000373383,.,.,0.709677419354839,1.0,.
MAP6,ENST00000304771,.,.,0.709821428571429,1.0,.
TCF20,ENST00000359486,.,.,0.710526315789474,1.0,.
TENM3,ENST00000511685,.,.,0.710526315789474,1.0,.
XPO4,ENST00000255305,.,.,0.712264150943396,1.0,.
RNF169,ENST00000299563,.,.,0.712528747125287,1.0,.
LAMB4,ENST00000388781,.,.,0.712871287128713,1.0,.
ZNF791,ENST00000343325,.,.,0.712871287128713,1.0,.
KIAA1549,ENST00000422774,.,.,0.713541666666667,1.0,.
GCKR,ENST00000264717,.,.,0.713754646840149,1.0,.
CDH19,ENST00000262150,.,.,0.714285714285714,1.0,.
OR14A16,ENST00000357627,.,.,0.714285714285714,1.0,.
PVRIG,ENST00000317271,.,.,0.714285714285714,1.0,.
SCT,ENST00000176195,.,.,0.714285714285714,1.0,.
MOB2,ENST00000329957,.,.,0.714953271028037,1.0,.
MARCH10,ENST00000311269,.,.,0.714975845410628,1.0,.
C8orf56,ENST00000436771,.,.,0.715189873417722,1.0,.
CD226,ENST00000280200,.,.,0.71551724137931,1.0,.
ATG7,ENST00000354449,.,.,0.715528447155285,1.0,.
TSHR,ENST00000541158,.,.,0.715596330275229,1.0,.
MYOF,ENST00000359263,.,.,0.715976331360947,1.0,.
CCDC144A,ENST00000443444,.,.,0.716279069767442,1.0,.
H1FOO,ENST00000324382,.,.,0.716346153846154,1.0,.
SCGB2B2,ENST00000601241,.,.,0.716346153846154,1.0,.
LGALS3BP,ENST00000262776,.,.,0.716417910447761,1.0,.
CCL25,ENST00000390669,.,.,0.716494845360825,1.0,.
SEMA4D,ENST00000450295,.,.,0.716666666666667,1.0,.
C22orf24,ENST00000248984,.,.,0.716981132075472,1.0,.
GTSF1L,ENST00000373003,.,.,0.717592592592593,1.0,.
RHPN1,ENST00000289013,.,.,0.718367346938775,1.0,.
TMEM139,ENST00000359333,.,.,0.718446601941748,1.0,.
ZNF837,ENST00000427624,.,.,0.719512195121951,1.0,.
KIAA0754,ENST00000530275,.,.,0.719806763285024,1.0,.
FAM3A,ENST00000447601,.,.,0.720183486238532,1.0,.
CEACAM3,ENST00000357396,.,.,0.720588235294118,1.0,.
PLA2G4C,ENST00000599111,.,.,0.721311475409836,1.0,.
OR1I1,ENST00000209540,.,.,0.721393034825871,1.0,.
PBRM1,ENST00000394830,.,.,0.722127787221278,1.0,.
ITPR2,ENST00000381340,.,.,0.722222222222222,1.0,.
TSSK1B,ENST00000390666,.,.,0.722222222222222,1.0,.
CCDC158,ENST00000388914,.,.,0.725,1.0,.
SCARB2,ENST00000264896,.,.,0.725,1.0,.
CAPNS1,ENST00000246533,.,.,0.725581395348837,1.0,.
IGFLR1,ENST00000592537,.,.,0.725581395348837,1.0,.
EGFLAM,ENST00000354891,.,.,0.726114649681529,1.0,.
TRIM47,ENST00000254816,.,.,0.726427357264274,1.0,.
ZNF195,ENST00000399602,.,.,0.729468599033816,1.0,.
CRHR1,ENST00000398285,.,.,0.73,1.0,.
RPGR,ENST00000378505,.,.,0.730769230769231,1.0,.
ROS1,ENST00000368508,.,.,0.73125,1.0,.
ZSCAN10,ENST00000252463,.,.,0.731292517006803,1.0,.
GOLGA6C,ENST00000300576,.,.,0.73134328358209,1.0,.
GAS2L2,ENST00000254466,.,.,0.731428571428571,1.0,.
PRX,ENST00000324001,.,.,0.731707317073171,1.0,.
ZNF487,ENST00000437590,.,.,0.732484076433121,1.0,.
NOTCH4,ENST00000375023,.,.,0.734042553191489,1.0,.
NSD1,ENST00000439151,.,.,0.734265734265734,1.0,.
C3orf20,ENST00000253697,.,.,0.734299516908213,1.0,.
CCDC57,ENST00000392343,.,.,0.734317343173432,1.0,.
MRGPRX4,ENST00000314254,.,.,0.735,1.0,.
KIAA0947,ENST00000296564,.,.,0.735849056603774,1.0,.
TNIP2,ENST00000315423,.,.,0.736059479553903,1.0,.
CCDC43,ENST00000315286,.,.,0.736434108527132,1.0,.
AL033381.1,ENST00000314040,.,.,0.737179487179487,1.0,.
TMEM14B,ENST00000379542,.,.,0.737588652482269,1.0,.
ERVW-1,ENST00000493463,.,.,0.737704918032787,1.0,.
HELT,ENST00000338875,.,.,0.737704918032787,1.0,.
SAMD9,ENST00000379958,.,.,0.737704918032787,1.0,.
SEPT10,ENST00000397712,.,.,0.738095238095238,1.0,.
RAPGEFL1,ENST00000436615,.,.,0.738197424892704,1.0,.
PRAMEF2,ENST00000240189,.,.,0.738916256157635,1.0,.
AMOT,ENST00000371959,.,.,0.739130434782609,1.0,.
TRIM49,ENST00000329758,.,.,0.739130434782609,1.0,.
UMODL1,ENST00000408989,.,.,0.739130434782609,1.0,.
LMF1,ENST00000262301,.,.,0.740157480314961,1.0,.
FAM169B,ENST00000558256,.,.,0.741176470588235,1.0,.
CAPS2,ENST00000409445,.,.,0.741573033707865,1.0,.
EXOC3L4,ENST00000380069,.,.,0.741803278688525,1.0,.
GLIS2,ENST00000262366,.,.,0.742738589211618,1.0,.
ZNF500,ENST00000219478,.,.,0.742738589211618,1.0,.
ZNF764,ENST00000252797,.,.,0.743169398907104,1.0,.
COLCA2,ENST00000398035,.,.,0.743589743589744,1.0,.
CCDC51,ENST00000395694,.,.,0.743718592964824,1.0,.
MLXIP,ENST00000319080,.,.,0.743718592964824,1.0,.
DNAJC7,ENST00000457167,.,.,0.74468085106383,1.0,.
LCNL1,ENST00000408973,.,.,0.74468085106383,1.0,.
SCNN1D,ENST00000379116,.,.,0.74468085106383,1.0,.
TRIOBP,ENST00000406386,.,.,0.74468085106383,1.0,.
MSLN,ENST00000382862,.,.,0.745762711864407,1.0,.
BAP1,ENST00000460680,.,.,0.746192893401015,1.0,.
GNL3,ENST00000418458,.,.,0.746192893401015,1.0,.
UBA5,ENST00000356232,.,.,0.746835443037975,1.0,.
ALDH16A1,ENST00000293350,.,.,0.748878923766816,1.0,.
ANKRD30B,ENST00000358984,.,.,0.75,1.0,.
HRNR,ENST00000368801,.,.,0.75,1.0,.
TNKS1BP1,ENST00000532437,.,.,0.75,1.0,.
ZBBX,ENST00000455345,.,.,0.75,1.0,.
ZNF479,ENST00000331162,.,.,0.75,1.0,.
SETMAR,ENST00000358065,.,.,0.751592356687898,1.0,.
PHACTR4,ENST00000373836,.,.,0.753191489361702,1.0,.
FAM71E2,ENST00000424985,.,.,0.753488372093023,1.0,.
CEACAM1,ENST00000161559,.,.,0.753554502369668,1.0,.
CARD17,ENST00000375707,.,.,0.754385964912281,1.0,.
TNR,ENST00000367674,.,.,0.756569162121963,1.0,.
QRICH2,ENST00000262765,.,.,0.757936507936508,1.0,.
ZNF724P,ENST00000418100,.,.,0.758620689655172,1.0,.
PCSK5,ENST00000545128,.,.,0.759259259259259,1.0,.
POLQ,ENST00000264233,.,.,0.761290322580645,1.0,.
LPHN3,ENST00000514591,.,.,0.761904761904762,1.0,.
FMN2,ENST00000319653,.,.,0.762026612077789,1.0,.
ATP7B,ENST00000242839,.,.,0.76303317535545,1.0,.
SIGLEC8,ENST00000321424,.,.,0.763823617638236,1.0,.
DBX1,ENST00000227256,.,.,0.764150943396226,1.0,.
ITGAL,ENST00000356798,.,.,0.765027322404372,1.0,.
CATSPER1,ENST00000312106,.,.,0.765957446808511,1.0,.
PHLDA1,ENST00000266671,.,.,0.767326732673267,1.0,.
ZNF788,ENST00000596883,.,.,0.767326732673267,1.0,.
F8,ENST00000360256,.,.,0.767857142857143,1.0,.
CST9,ENST00000376971,.,.,0.768292682926829,1.0,.
AGAP10,ENST00000413193,.,.,0.770642201834862,1.0,.
FAM21B,ENST00000358474,.,.,0.770642201834862,1.0,.
DDX26B,ENST00000370752,.,.,0.770992366412214,1.0,.
OR7C2,ENST00000248072,.,.,0.771144278606965,1.0,.
GPR128,ENST00000273352,.,.,0.771822817718228,1.0,.
AC136604.1,ENST00000425471,.,.,0.772727272727273,1.0,.
KAT6A,ENST00000396930,.,.,0.772727272727273,1.0,.
IZUMO1,ENST00000332955,.,.,0.775784753363229,1.0,.
ZNF615,ENST00000594083,.,.,0.776699029126214,1.0,.
NRK,ENST00000428173,.,.,0.777777777777778,1.0,.
VWA3A,ENST00000389398,.,.,0.780487804878049,1.0,.
TRO,ENST00000173898,.,.,0.78125,1.0,.
C7orf71,ENST00000409974,.,.,0.782894736842105,1.0,.
RP1L1,ENST00000382483,.,.,0.782945736434108,1.0,.
C3orf72,ENST00000383165,.,.,0.78391959798995,1.0,.
BRWD3,ENST00000373275,.,.,0.785714285714286,1.0,.
OTOGL,ENST00000458043,.,.,0.788673893222571,1.0,.
RUFY1,ENST00000319449,.,.,0.788721127887211,1.0,.
ADAM30,ENST00000369400,.,.,0.79042095790421,1.0,.
ZBTB10,ENST00000430430,.,.,0.795420457954205,1.0,.
ZNF544,ENST00000269829,.,.,0.795820417958204,1.0,.
MXRA5,ENST00000217939,.,.,0.798782807151008,1.0,.
SCYL2,ENST00000360820,.,.,0.804036024016011,1.0,.
FAM47A,ENST00000346193,.,.,0.80952380952381,1.0,.
TMEM47,ENST00000275954,.,.,0.80952380952381,1.0,.
ZNF492,ENST00000456783,.,.,0.80952380952381,1.0,.
ZNF676,ENST00000397121,.,.,0.80952380952381,1.0,.
MTAP,ENST00000380172,.,.,0.810913843807864,1.0,.
COL17A1,ENST00000353479,.,.,0.812118788121188,1.0,.
CXorf22,ENST00000297866,.,.,0.818181818181818,1.0,.
MAGEB16,ENST00000399989,.,.,0.818181818181818,1.0,.
ZNF736,ENST00000423484,.,.,0.818181818181818,1.0,.
SCN4A,ENST00000435607,.,.,0.821117888211179,1.0,.
PABPC5,ENST00000312600,.,.,0.823529411764706,1.0,.
HJURP,ENST00000411486,.,.,0.825117488251175,1.0,.
NRG3,ENST00000372141,.,.,0.826086956521739,1.0,.
REG1A,ENST00000233735,.,.,0.826086956521739,1.0,.
ZNF727,ENST00000550760,.,.,0.827225130890052,1.0,.
ARMC4,ENST00000305242,.,.,0.828017198280172,1.0,.
TMPRSS13,ENST00000524993,.,.,0.83961603839616,1.0,.
ALAS2,ENST00000330807,.,.,0.841480446927374,1.0,.
ESX1,ENST00000372588,.,.,0.842450765864333,1.0,.
MAN2B2,ENST00000285599,.,.,0.843015698430157,1.0,.
RTTN,ENST00000255674,.,.,0.845389630549519,1.0,.
ZNF608,ENST00000306315,.,.,0.846230654018972,1.0,.
COL25A1,ENST00000399132,.,.,0.856051703877791,1.0,.
C12orf55,ENST00000524981,.,.,0.857086665792579,1.0,.
PPFIA2,ENST00000549396,.,.,0.86661002548853,1.0,.
SRRM2,ENST00000301740,.,.,0.869413058694131,1.0,.
KRBA1,ENST00000255992,.,.,0.873712628737126,1.0,.
ZNF692,ENST00000451251,.,.,0.882544861337684,1.0,.
CDHR2,ENST00000510636,.,.,0.887711228877112,1.0,.
TAF1L,ENST00000242310,.,.,0.892710728927107,1.0,.
POTEE,ENST00000356920,.,.,0.893810618938106,1.0,.
OCA2,ENST00000354638,.,.,0.896258166699663,1.0,.
PLA2G4E,ENST00000399518,.,.,0.896310368963104,1.0,.
WNK2,ENST00000297954,.,.,0.896610338966103,1.0,.
AC019294.1,ENST00000543887,.,.,0.901509849015098,1.0,.
DOCK6,ENST00000294618,.,.,0.908009199080092,1.0,.
ANO7,ENST00000274979,.,.,0.914308569143086,1.0,.
NLRP5,ENST00000390649,.,.,0.920807919208079,1.0,.
MAP4,ENST00000360240,.,.,0.922907709229077,1.0,.
TNRC6C,ENST00000335749,.,.,0.923707629237076,1.0,.
ATP10A,ENST00000356865,.,.,0.929447852760736,1.0,.
MAST4,ENST00000403625,.,.,0.92990700929907,1.0,.
PLXNB2,ENST00000449103,.,.,0.932306769323068,1.0,.
GPR112,ENST00000394143,.,.,0.934106589341066,1.0,.
CLIP1,ENST00000540338,.,.,0.936606339366063,1.0,.
CUBN,ENST00000377833,.,.,0.937957193172582,1.0,.
IGSF9B,ENST00000533871,.,.,0.944235116804823,1.0,.
CNTN6,ENST00000446702,.,.,0.952380952380952,1.0,.
KIAA2022,ENST00000055682,.,.,0.976902309769023,1.0,.
ABCC5,ENST00000334444,.,.,1.0,1.0,.
ACN9,ENST00000432641,.,.,1.0,1.0,.
ACOX1,ENST00000293217,.,.,1.0,1.0,.
ACTR8,ENST00000335754,.,.,1.0,1.0,.
ACY3,ENST00000255082,.,.,1.0,1.0,.
ADAMTS12,ENST00000504830,.,.,1.0,1.0,.
ADAMTS16,ENST00000274181,.,.,1.0,1.0,.
ADAMTS20,ENST00000389420,.,.,1.0,1.0,.
ADAMTSL3,ENST00000286744,.,.,1.0,1.0,.
ADCY2,ENST00000338316,.,.,1.0,1.0,.
ADGB,ENST00000397944,.,.,1.0,1.0,.
ADRB2,ENST00000305988,.,.,1.0,1.0,.
AFF3,ENST00000356421,.,.,1.0,1.0,.
AFMID,ENST00000327898,.,.,1.0,1.0,.
AGAP8,ENST00000425119,.,.,1.0,1.0,.
AGO2,ENST00000220592,.,.,1.0,1.0,.
AIM1L,ENST00000527815,.,.,1.0,1.0,.
ANKRD12,ENST00000262126,.,.,1.0,1.0,.
ANKRD7,ENST00000265224,.,.,1.0,1.0,.
ANLN,ENST00000265748,.,.,1.0,1.0,.
AP3D1,ENST00000355272,.,.,1.0,1.0,.
ARCN1,ENST00000264028,.,.,1.0,1.0,.
ARHGEF2,ENST00000361247,.,.,1.0,1.0,.
ARID1A,ENST00000324856,.,.,1.0,1.0,.
ARID3C,ENST00000378909,.,.,1.0,1.0,.
ARNTL,ENST00000389707,.,.,1.0,1.0,.
ART1,ENST00000250693,.,.,1.0,1.0,.
ARVCF,ENST00000263207,.,.,1.0,1.0,.
ASTL,ENST00000342380,.,.,1.0,1.0,.
ATP12A,ENST00000218548,.,.,1.0,1.0,.
ATP6V1A,ENST00000273398,.,.,1.0,1.0,.
ATP9A,ENST00000338821,.,.,1.0,1.0,.
ATXN1,ENST00000244769,.,.,1.0,1.0,.
BAG5,ENST00000337322,.,.,1.0,1.0,.
BAI3,ENST00000370598,.,.,1.0,1.0,.
BANK1,ENST00000322953,.,.,1.0,1.0,.
BAZ1A,ENST00000360310,.,.,1.0,1.0,.
BBS7,ENST00000264499,.,.,1.0,1.0,.
BCL9,ENST00000234739,.,.,1.0,1.0,.
BHLHE41,ENST00000242728,.,.,1.0,1.0,.
BHMT,ENST00000274353,.,.,1.0,1.0,.
BIRC3,ENST00000263464,.,.,1.0,1.0,.
BPIFB1,ENST00000253354,.,.,1.0,1.0,.
BRPF1,ENST00000383829,.,.,1.0,1.0,.
BTG4,ENST00000356018,.,.,1.0,1.0,.
C18orf8,ENST00000269221,.,.,1.0,1.0,.
C19orf33,ENST00000301246,.,.,1.0,1.0,.
C19orf57,ENST00000346736,.,.,1.0,1.0,.
C1orf170,ENST00000433179,.,.,1.0,1.0,.
C1orf86,ENST00000378546,.,.,1.0,1.0,.
C5orf60,ENST00000448248,.,.,1.0,1.0,.
C8orf44,ENST00000519561,.,.,1.0,1.0,.
C9orf43,ENST00000288462,.,.,1.0,1.0,.
C9orf84,ENST00000374287,.,.,1.0,1.0,.
CACNA1A,ENST00000360228,.,.,1.0,1.0,.
CATSPERD,ENST00000381624,.,.,1.0,1.0,.
CBY1,ENST00000396811,.,.,1.0,1.0,.
CCDC108,ENST00000341552,.,.,1.0,1.0,.
CCDC148,ENST00000283233,.,.,1.0,1.0,.
CCDC87,ENST00000333861,.,.,1.0,1.0,.
CCNF,ENST00000397066,.,.,1.0,1.0,.
CCNI,ENST00000237654,.,.,1.0,1.0,.
CDC25B,ENST00000245960,.,.,1.0,1.0,.
CDC42BPG,ENST00000342711,.,.,1.0,1.0,.
CDH22,ENST00000372262,.,.,1.0,1.0,.
CEACAM5,ENST00000221992,.,.,1.0,1.0,.
CEBPE,ENST00000206513,.,.,1.0,1.0,.
CENPJ,ENST00000381884,.,.,1.0,1.0,.
CFDP1,ENST00000283882,.,.,1.0,1.0,.
CFP,ENST00000247153,.,.,1.0,1.0,.
CHAMP1,ENST00000361283,.,.,1.0,1.0,.
CHEK1,ENST00000534070,.,.,1.0,1.0,.
CHRM2,ENST00000445907,.,.,1.0,1.0,.
CHST5,ENST00000336257,.,.,1.0,1.0,.
CIT,ENST00000392521,.,.,1.0,1.0,.
CLOCK,ENST00000309964,.,.,1.0,1.0,.
COLGALT2,ENST00000361927,.,.,1.0,1.0,.
CPED1,ENST00000310396,.,.,1.0,1.0,.
CRAT,ENST00000318080,.,.,1.0,1.0,.
CRYBA2,ENST00000295728,.,.,1.0,1.0,.
CSH2,ENST00000392886,.,.,1.0,1.0,.
CSMD1,ENST00000537824,.,.,1.0,1.0,.
CT47A6,ENST00000443600,.,.,1.0,1.0,.
CTSZ,ENST00000217131,.,.,1.0,1.0,.
CTTNBP2,ENST00000160373,.,.,1.0,1.0,.
CXorf67,ENST00000342995,.,.,1.0,1.0,.
CYB5R1,ENST00000367249,.,.,1.0,1.0,.
CYP2C18,ENST00000285979,.,.,1.0,1.0,.
CYP2E1,ENST00000463117,.,.,1.0,1.0,.
CYP3A43,ENST00000222382,.,.,1.0,1.0,.
CYP4F12,ENST00000550308,.,.,1.0,1.0,.
CYTH4,ENST00000248901,.,.,1.0,1.0,.
DAB2IP,ENST00000259371,.,.,1.0,1.0,.
DAK,ENST00000394900,.,.,1.0,1.0,.
DHX37,ENST00000308736,.,.,1.0,1.0,.
DIS3L2,ENST00000325385,.,.,1.0,1.0,.
DLGAP2,ENST00000421627,.,.,1.0,1.0,.
DNAJC13,ENST00000260818,.,.,1.0,1.0,.
DOK4,ENST00000340099,.,.,1.0,1.0,.
DPCR1,ENST00000462446,.,.,1.0,1.0,.
DPEP1,ENST00000393092,.,.,1.0,1.0,.
DPPA2,ENST00000478945,.,.,1.0,1.0,.
DPY19L1,ENST00000310974,.,.,1.0,1.0,.
DSC1,ENST00000257198,.,.,1.0,1.0,.
DSCAM,ENST00000400454,.,.,1.0,1.0,.
DSG1,ENST00000257192,.,.,1.0,1.0,.
DYSF,ENST00000410020,.,.,1.0,1.0,.
DZIP1L,ENST00000327532,.,.,1.0,1.0,.
EFHC1,ENST00000371068,.,.,1.0,1.0,.
EGLN3,ENST00000250457,.,.,1.0,1.0,.
ELF1,ENST00000239882,.,.,1.0,1.0,.
ELFN2,ENST00000402918,.,.,1.0,1.0,.
EMILIN2,ENST00000254528,.,.,1.0,1.0,.
EMR1,ENST00000312053,.,.,1.0,1.0,.
EP300,ENST00000263253,.,.,1.0,1.0,.
ERBB2,ENST00000269571,.,.,1.0,1.0,.
ERP44,ENST00000262455,.,.,1.0,1.0,.
FAM120C,ENST00000375180,.,.,1.0,1.0,.
FAM160A2,ENST00000265978,.,.,1.0,1.0,.
FAM177B,ENST00000445590,.,.,1.0,1.0,.
FAM187A,ENST00000331733,.,.,1.0,1.0,.
FAM194B,ENST00000298738,.,.,1.0,1.0,.
FAM208A,ENST00000493960,.,.,1.0,1.0,.
FAM217B,ENST00000358293,.,.,1.0,1.0,.
FAM73A,ENST00000370791,.,.,1.0,1.0,.
FASTKD5,ENST00000380266,.,.,1.0,1.0,.
FBF1,ENST00000319129,.,.,1.0,1.0,.
FBXL18,ENST00000382368,.,.,1.0,1.0,.
FBXO45,ENST00000311630,.,.,1.0,1.0,.
FCAR,ENST00000355524,.,.,1.0,1.0,.
FCRL3,ENST00000368184,.,.,1.0,1.0,.
FER1L6,ENST00000522917,.,.,1.0,1.0,.
FES,ENST00000328850,.,.,1.0,1.0,.
FFAR3,ENST00000327809,.,.,1.0,1.0,.
FGFR1OP,ENST00000366847,.,.,1.0,1.0,.
FGFR2,ENST00000457416,.,.,1.0,1.0,.
FKBPL,ENST00000375156,.,.,1.0,1.0,.
FLNB,ENST00000490882,.,.,1.0,1.0,.
FOXK2,ENST00000335255,.,.,1.0,1.0,.
FRA10AC1,ENST00000359204,.,.,1.0,1.0,.
FRMPD1,ENST00000539465,.,.,1.0,1.0,.
FZD2,ENST00000315323,.,.,1.0,1.0,.
GALNT8,ENST00000252318,.,.,1.0,1.0,.
GAS2L1,ENST00000341313,.,.,1.0,1.0,.
GATSL3,ENST00000407689,.,.,1.0,1.0,.
GBGT1,ENST00000372040,.,.,1.0,1.0,.
GCGR,ENST00000400723,.,.,1.0,1.0,.
GIMAP7,ENST00000313543,.,.,1.0,1.0,.
GJB7,ENST00000525899,.,.,1.0,1.0,.
GNA12,ENST00000275364,.,.,1.0,1.0,.
GPC1,ENST00000264039,.,.,1.0,1.0,.
GPR123,ENST00000392607,.,.,1.0,1.0,.
GPR125,ENST00000334304,.,.,1.0,1.0,.
GPR64,ENST00000379869,.,.,1.0,1.0,.
GPR83,ENST00000243673,.,.,1.0,1.0,.
GPRC5B,ENST00000300571,.,.,1.0,1.0,.
GPRC6A,ENST00000310357,.,.,1.0,1.0,.
GRIA1,ENST00000518783,.,.,1.0,1.0,.
GRIK5,ENST00000262895,.,.,1.0,1.0,.
HAO2,ENST00000325945,.,.,1.0,1.0,.
HBEGF,ENST00000230990,.,.,1.0,1.0,.
HCN4,ENST00000261917,.,.,1.0,1.0,.
HIST1H2AC,ENST00000602637,.,.,1.0,1.0,.
HIST1H3F,ENST00000446824,.,.,1.0,1.0,.
HLX,ENST00000366903,.,.,1.0,1.0,.
HMCN2,ENST00000487727,.,.,1.0,1.0,.
HMCN2,ENST00000428715,.,.,1.0,1.0,.
HOXA1,ENST00000343060,.,.,1.0,1.0,.
HOXD3,ENST00000468418,.,.,1.0,1.0,.
HS3ST4,ENST00000331351,.,.,1.0,1.0,.
HSD11B1L,ENST00000423665,.,.,1.0,1.0,.
HSD11B2,ENST00000326152,.,.,1.0,1.0,.
HSDL2,ENST00000398805,.,.,1.0,1.0,.
HTR7,ENST00000336152,.,.,1.0,1.0,.
IDH3B,ENST00000380843,.,.,1.0,1.0,.
IFNK,ENST00000276943,.,.,1.0,1.0,.
IGFBP4,ENST00000269593,.,.,1.0,1.0,.
IGHMBP2,ENST00000255078,.,.,1.0,1.0,.
IL16,ENST00000302987,.,.,1.0,1.0,.
IL4R,ENST00000395762,.,.,1.0,1.0,.
INTS1,ENST00000404767,.,.,1.0,1.0,.
IPO5,ENST00000261574,.,.,1.0,1.0,.
IPP,ENST00000396478,.,.,1.0,1.0,.
IQSEC1,ENST00000273221,.,.,1.0,1.0,.
ISM2,ENST00000342219,.,.,1.0,1.0,.
ITGBL1,ENST00000376180,.,.,1.0,1.0,.
KALRN,ENST00000240874,.,.,1.0,1.0,.
KCNA7,ENST00000221444,.,.,1.0,1.0,.
KCND1,ENST00000218176,.,.,1.0,1.0,.
KCNK15,ENST00000372861,.,.,1.0,1.0,.
KCNMB4,ENST00000258111,.,.,1.0,1.0,.
KDM4B,ENST00000159111,.,.,1.0,1.0,.
KIAA0040,ENST00000545251,.,.,1.0,1.0,.
KIF14,ENST00000367350,.,.,1.0,1.0,.
KIF17,ENST00000247986,.,.,1.0,1.0,.
KIF19,ENST00000389916,.,.,1.0,1.0,.
KIF24,ENST00000379166,.,.,1.0,1.0,.
KIF3B,ENST00000375712,.,.,1.0,1.0,.
KIF3C,ENST00000264712,.,.,1.0,1.0,.
KIF9,ENST00000335044,.,.,1.0,1.0,.
KIR2DL3,ENST00000342376,.,.,1.0,1.0,.
KIRREL3,ENST00000525144,.,.,1.0,1.0,.
KLHDC4,ENST00000270583,.,.,1.0,1.0,.
KLK8,ENST00000391806,.,.,1.0,1.0,.
KRT23,ENST00000209718,.,.,1.0,1.0,.
LDHAL6B,ENST00000307144,.,.,1.0,1.0,.
LGMN,ENST00000393218,.,.,1.0,1.0,.
LILRB4,ENST00000391736,.,.,1.0,1.0,.
LMNB2,ENST00000325327,.,.,1.0,1.0,.
LRIG3,ENST00000320743,.,.,1.0,1.0,.
LRMP,ENST00000354454,.,.,1.0,1.0,.
LRP5,ENST00000294304,.,.,1.0,1.0,.
LRRC37A3,ENST00000584306,.,.,1.0,1.0,.
LRRC66,ENST00000343457,.,.,1.0,1.0,.
LRRFIP2,ENST00000421307,.,.,1.0,1.0,.
LY6G6F,ENST00000375832,.,.,1.0,1.0,.
LY9,ENST00000263285,.,.,1.0,1.0,.
MAMDC4,ENST00000317446,.,.,1.0,1.0,.
MCM10,ENST00000484800,.,.,1.0,1.0,.
MEIS1,ENST00000272369,.,.,1.0,1.0,.
MICAL3,ENST00000441493,.,.,1.0,1.0,.
MKI67,ENST00000368654,.,.,1.0,1.0,.
MLXIPL,ENST00000313375,.,.,1.0,1.0,.
MME,ENST00000460393,.,.,1.0,1.0,.
MPLKIP,ENST00000306984,.,.,1.0,1.0,.
MPP6,ENST00000222644,.,.,1.0,1.0,.
MRPL18,ENST00000367034,.,.,1.0,1.0,.
MRPL28,ENST00000199706,.,.,1.0,1.0,.
MSR1,ENST00000262101,.,.,1.0,1.0,.
MTMR1,ENST00000544228,.,.,1.0,1.0,.
MTMR14,ENST00000296003,.,.,1.0,1.0,.
MUC2,ENST00000441003,.,.,1.0,1.0,.
MUC3A,ENST00000319509,.,.,1.0,1.0,.
MYBL2,ENST00000217026,.,.,1.0,1.0,.
MYH13,ENST00000418404,.,.,1.0,1.0,.
MYH7,ENST00000355349,.,.,1.0,1.0,.
MYO1F,ENST00000338257,.,.,1.0,1.0,.
MYO1G,ENST00000258787,.,.,1.0,1.0,.
MYT1L,ENST00000428368,.,.,1.0,1.0,.
NBEA,ENST00000400445,.,.,1.0,1.0,.
NBPF1,ENST00000430580,.,.,1.0,1.0,.
NCAM1,ENST00000524665,.,.,1.0,1.0,.
NCAPD3,ENST00000534548,.,.,1.0,1.0,.
NCBP2L,ENST00000509000,.,.,1.0,1.0,.
NCOA6,ENST00000374796,.,.,1.0,1.0,.
NECAP2,ENST00000443980,.,.,1.0,1.0,.
NEUROD4,ENST00000242994,.,.,1.0,1.0,.
NLRP8,ENST00000291971,.,.,1.0,1.0,.
NOMO1,ENST00000287667,.,.,1.0,1.0,.
NOTCH2NL,ENST00000369340,.,.,1.0,1.0,.
NPAT,ENST00000278612,.,.,1.0,1.0,.
NR1D2,ENST00000312521,.,.,1.0,1.0,.
NR1I2,ENST00000337940,.,.,1.0,1.0,.
NR2C2,ENST00000323373,.,.,1.0,1.0,.
NRAP,ENST00000359988,.,.,1.0,1.0,.
NRF1,ENST00000393232,.,.,1.0,1.0,.
NTRK2,ENST00000376214,.,.,1.0,1.0,.
NUP160,ENST00000378460,.,.,1.0,1.0,.
NUP210,ENST00000254508,.,.,1.0,1.0,.
NXF2,ENST00000395088,.,.,1.0,1.0,.
OAZ1,ENST00000602676,.,.,1.0,1.0,.
OCRL,ENST00000371113,.,.,1.0,1.0,.
OR2F1,ENST00000392899,.,.,1.0,1.0,.
OR2W3,ENST00000537741,.,.,1.0,1.0,.
OR4A16,ENST00000314721,.,.,1.0,1.0,.
OR5M9,ENST00000279791,.,.,1.0,1.0,.
OR5R1,ENST00000312253,.,.,1.0,1.0,.
OR6C65,ENST00000379665,.,.,1.0,1.0,.
OR7D4,ENST00000308682,.,.,1.0,1.0,.
OS9,ENST00000315970,.,.,1.0,1.0,.
PAOX,ENST00000278060,.,.,1.0,1.0,.
PAPLN,ENST00000340738,.,.,1.0,1.0,.
PAX1,ENST00000398485,.,.,1.0,1.0,.
PCDHA13,ENST00000289272,.,.,1.0,1.0,.
PCDHA5,ENST00000529859,.,.,1.0,1.0,.
PCDHB12,ENST00000239450,.,.,1.0,1.0,.
PCDHB17,ENST00000539533,.,.,1.0,1.0,.
PCDHB3,ENST00000231130,.,.,1.0,1.0,.
PCDHB7,ENST00000231137,.,.,1.0,1.0,.
PCDHGA4,ENST00000571252,.,.,1.0,1.0,.
PCDHGB1,ENST00000523390,.,.,1.0,1.0,.
PCGF5,ENST00000336126,.,.,1.0,1.0,.
PCK2,ENST00000216780,.,.,1.0,1.0,.
PCSK6,ENST00000348070,.,.,1.0,1.0,.
PDC,ENST00000391997,.,.,1.0,1.0,.
PDE4DIP,ENST00000369356,.,.,1.0,1.0,.
PDK4,ENST00000005178,.,.,1.0,1.0,.
PEG10,ENST00000482108,.,.,1.0,1.0,.
PEG3,ENST00000326441,.,.,1.0,1.0,.
PGAP1,ENST00000354764,.,.,1.0,1.0,.
PGC,ENST00000373025,.,.,1.0,1.0,.
PHLDB2,ENST00000431670,.,.,1.0,1.0,.
PHRF1,ENST00000416188,.,.,1.0,1.0,.
PIGO,ENST00000378617,.,.,1.0,1.0,.
PIWIL1,ENST00000245255,.,.,1.0,1.0,.
PKD1L2,ENST00000299598,.,.,1.0,1.0,.
PKMYT1,ENST00000262300,.,.,1.0,1.0,.
PKN2,ENST00000370521,.,.,1.0,1.0,.
PKNOX1,ENST00000291547,.,.,1.0,1.0,.
PLEKHA7,ENST00000355661,.,.,1.0,1.0,.
PLEKHG7,ENST00000344636,.,.,1.0,1.0,.
PLEKHN1,ENST00000379410,.,.,1.0,1.0,.
PLIN2,ENST00000276914,.,.,1.0,1.0,.
PLK3,ENST00000372201,.,.,1.0,1.0,.
PLOD1,ENST00000196061,.,.,1.0,1.0,.
PLXNB3,ENST00000538966,.,.,1.0,1.0,.
PNLIPRP1,ENST00000528052,.,.,1.0,1.0,.
POLE,ENST00000320574,.,.,1.0,1.0,.
POLE2,ENST00000216367,.,.,1.0,1.0,.
POLR3K,ENST00000293860,.,.,1.0,1.0,.
POM121L2,ENST00000444565,.,.,1.0,1.0,.
POMK,ENST00000331373,.,.,1.0,1.0,.
POU2F2,ENST00000526816,.,.,1.0,1.0,.
PPEF1,ENST00000361511,.,.,1.0,1.0,.
PPP1R26,ENST00000356818,.,.,1.0,1.0,.
PPP2R2C,ENST00000382599,.,.,1.0,1.0,.
PPTC7,ENST00000354300,.,.,1.0,1.0,.
PRDM10,ENST00000358825,.,.,1.0,1.0,.
PRG4,ENST00000445192,.,.,1.0,1.0,.
PRUNE2,ENST00000376718,.,.,1.0,1.0,.
PSEN1,ENST00000324501,.,.,1.0,1.0,.
PTGES,ENST00000340607,.,.,1.0,1.0,.
PZP,ENST00000261336,.,.,1.0,1.0,.
RAB27A,ENST00000396307,.,.,1.0,1.0,.
RAB33A,ENST00000257017,.,.,1.0,1.0,.
RAI14,ENST00000515799,.,.,1.0,1.0,.
RALGPS1,ENST00000259351,.,.,1.0,1.0,.
RARS2,ENST00000369536,.,.,1.0,1.0,.
RBAK,ENST00000396912,.,.,1.0,1.0,.
RBM33,ENST00000401878,.,.,1.0,1.0,.
RGAG1,ENST00000465301,.,.,1.0,1.0,.
RGPD3,ENST00000409886,.,.,1.0,1.0,.
RHD,ENST00000328664,.,.,1.0,1.0,.
RIMS2,ENST00000406091,.,.,1.0,1.0,.
RIN1,ENST00000311320,.,.,1.0,1.0,.
RIPK3,ENST00000216274,.,.,1.0,1.0,.
RLTPR,ENST00000334583,.,.,1.0,1.0,.
RNF138,ENST00000261593,.,.,1.0,1.0,.
RNF180,ENST00000389100,.,.,1.0,1.0,.
RNF32,ENST00000405335,.,.,1.0,1.0,.
RTN4RL1,ENST00000331238,.,.,1.0,1.0,.
RWDD4,ENST00000326397,.,.,1.0,1.0,.
SATB1,ENST00000417717,.,.,1.0,1.0,.
SCN2A,ENST00000357398,.,.,1.0,1.0,.
SCP2D1,ENST00000377428,.,.,1.0,1.0,.
SCRIB,ENST00000356994,.,.,1.0,1.0,.
SDK2,ENST00000392650,.,.,1.0,1.0,.
SEC14L5,ENST00000251170,.,.,1.0,1.0,.
SEC31B,ENST00000370345,.,.,1.0,1.0,.
SEMA5B,ENST00000451055,.,.,1.0,1.0,.
SENP6,ENST00000447266,.,.,1.0,1.0,.
SEPT9,ENST00000427177,.,.,1.0,1.0,.
SERPINB1,ENST00000380739,.,.,1.0,1.0,.
SETD6,ENST00000219315,.,.,1.0,1.0,.
SEZ6L,ENST00000248933,.,.,1.0,1.0,.
SF3A2,ENST00000221494,.,.,1.0,1.0,.
SH3TC1,ENST00000245105,.,.,1.0,1.0,.
SIRT1,ENST00000212015,.,.,1.0,1.0,.
SLC10A3,ENST00000263512,.,.,1.0,1.0,.
SLC2A6,ENST00000371899,.,.,1.0,1.0,.
SLC34A1,ENST00000324417,.,.,1.0,1.0,.
SLC39A1,ENST00000368623,.,.,1.0,1.0,.
SLC3A1,ENST00000260649,.,.,1.0,1.0,.
SLC47A1,ENST00000270570,.,.,1.0,1.0,.
SLC6A14,ENST00000371900,.,.,1.0,1.0,.
SLC9A2,ENST00000233969,.,.,1.0,1.0,.
SLC9C1,ENST00000305815,.,.,1.0,1.0,.
SMPD1,ENST00000342245,.,.,1.0,1.0,.
SNX19,ENST00000265909,.,.,1.0,1.0,.
SORCS2,ENST00000507866,.,.,1.0,1.0,.
SORCS3,ENST00000369701,.,.,1.0,1.0,.
SOS2,ENST00000216373,.,.,1.0,1.0,.
SOX1,ENST00000330949,.,.,1.0,1.0,.
SOX4,ENST00000244745,.,.,1.0,1.0,.
SOX6,ENST00000396356,.,.,1.0,1.0,.
SP8,ENST00000418710,.,.,1.0,1.0,.
SPATA16,ENST00000351008,.,.,1.0,1.0,.
SPSB3,ENST00000566339,.,.,1.0,1.0,.
SPTBN4,ENST00000352632,.,.,1.0,1.0,.
SREBF2,ENST00000361204,.,.,1.0,1.0,.
SRRT,ENST00000347433,.,.,1.0,1.0,.
SSRP1,ENST00000278412,.,.,1.0,1.0,.
SSTR2,ENST00000357585,.,.,1.0,1.0,.
ST3GAL1,ENST00000319914,.,.,1.0,1.0,.
STAG1,ENST00000383202,.,.,1.0,1.0,.
STARD6,ENST00000581310,.,.,1.0,1.0,.
STARD8,ENST00000374599,.,.,1.0,1.0,.
STK10,ENST00000176763,.,.,1.0,1.0,.
STX8,ENST00000306357,.,.,1.0,1.0,.
STXBP5,ENST00000321680,.,.,1.0,1.0,.
SVEP1,ENST00000401783,.,.,1.0,1.0,.
SYN3,ENST00000358763,.,.,1.0,1.0,.
SYTL5,ENST00000456733,.,.,1.0,1.0,.
TACC2,ENST00000369005,.,.,1.0,1.0,.
TBC1D16,ENST00000310924,.,.,1.0,1.0,.
TBK1,ENST00000331710,.,.,1.0,1.0,.
TCF3,ENST00000262965,.,.,1.0,1.0,.
TGFBR2,ENST00000359013,.,.,1.0,1.0,.
TGM5,ENST00000220420,.,.,1.0,1.0,.
TGOLN2,ENST00000409232,.,.,1.0,1.0,.
TH,ENST00000381178,.,.,1.0,1.0,.
TMC2,ENST00000358864,.,.,1.0,1.0,.
TMEM108,ENST00000321871,.,.,1.0,1.0,.
TMEM125,ENST00000432792,.,.,1.0,1.0,.
TMEM87B,ENST00000283206,.,.,1.0,1.0,.
TPM4,ENST00000538887,.,.,1.0,1.0,.
TPR,ENST00000367478,.,.,1.0,1.0,.
TPSD1,ENST00000211076,.,.,1.0,1.0,.
TPTE,ENST00000361285,.,.,1.0,1.0,.
TPTE2,ENST00000400230,.,.,1.0,1.0,.
TRAK2,ENST00000332624,.,.,1.0,1.0,.
TRIM2,ENST00000338700,.,.,1.0,1.0,.
TRIM46,ENST00000334634,.,.,1.0,1.0,.
TRIM6,ENST00000380097,.,.,1.0,1.0,.
TRMT61A,ENST00000389749,.,.,1.0,1.0,.
TRPM3,ENST00000377110,.,.,1.0,1.0,.
TRPS1,ENST00000395715,.,.,1.0,1.0,.
TSC1,ENST00000298552,.,.,1.0,1.0,.
TSEN34,ENST00000396383,.,.,1.0,1.0,.
TSTA3,ENST00000425753,.,.,1.0,1.0,.
TTI1,ENST00000373448,.,.,1.0,1.0,.
TUBB6,ENST00000317702,.,.,1.0,1.0,.
TYMP,ENST00000395681,.,.,1.0,1.0,.
UBAP2L,ENST00000428931,.,.,1.0,1.0,.
UBE3B,ENST00000342494,.,.,1.0,1.0,.
UBN1,ENST00000396658,.,.,1.0,1.0,.
UBN2,ENST00000473989,.,.,1.0,1.0,.
UBQLNL,ENST00000380184,.,.,1.0,1.0,.
UBR1,ENST00000290650,.,.,1.0,1.0,.
UGT2B4,ENST00000305107,.,.,1.0,1.0,.
USP41,ENST00000454608,.,.,1.0,1.0,.
USP42,ENST00000306177,.,.,1.0,1.0,.
UTP11L,ENST00000373014,.,.,1.0,1.0,.
WDR17,ENST00000280190,.,.,1.0,1.0,.
WDR77,ENST00000235090,.,.,1.0,1.0,.
WHAMM,ENST00000286760,.,.,1.0,1.0,.
WNT5B,ENST00000397196,.,.,1.0,1.0,.
XPO1,ENST00000401558,.,.,1.0,1.0,.
YARS2,ENST00000324868,.,.,1.0,1.0,.
ZBTB49,ENST00000337872,.,.,1.0,1.0,.
ZDHHC6,ENST00000369405,.,.,1.0,1.0,.
ZFP92,ENST00000338647,.,.,1.0,1.0,.
ZNF143,ENST00000396602,.,.,1.0,1.0,.
ZNF211,ENST00000299871,.,.,1.0,1.0,.
ZNF275,ENST00000370251,.,.,1.0,1.0,.
ZNF432,ENST00000594154,.,.,1.0,1.0,.
ZNF574,ENST00000600245,.,.,1.0,1.0,.
ZNF579,ENST00000325421,.,.,1.0,1.0,.
ZNF600,ENST00000338230,.,.,1.0,1.0,.
ZNF7,ENST00000528372,.,.,1.0,1.0,.
ZNF716,ENST00000420713,.,.,1.0,1.0,.
ZNF789,ENST00000331410,.,.,1.0,1.0,.
ZNF81,ENST00000376954,.,.,1.0,1.0,.
ZNF827,ENST00000379448,.,.,1.0,1.0,.
ZNFX1,ENST00000396105,.,.,1.0,1.0,.
ZSCAN12,ENST00000361028,.,.,1.0,1.0,.
