Hugo_Symbol,Frame_Shift_Del,Frame_Shift_Ins,In_Frame_Del,In_Frame_Ins,Missense_Mutation,Nonsense_Mutation,Nonstop_Mutation,Silent,Splice_Site,Translation_Start_Site,DEL,INS,SNP,pnum,gene length,silent,nonsense,splice site,missense,recurrent missense,normalized missense position entropy,frameshift indel,inframe indel,normalized mutation entropy,Mean Missense MGAEntropy,Mean VEST Score,lost start and stop,missense to silent,non-silent to silent,inactivating p-value,entropy p-value,vest p-value,combined p-value,expression_CCLE,replication_time,HiC_compartment,gene_betweeness,gene_degree,all_mean,all_var,up_mean,up_var,down_mean,down_var,dnam_mean,dnam_var,class
BRCA2,50,22,4,0,532,71,0,0,8,0,54,22,611,461,10257,0.146341463,0.117073171,0.019512195,0.634146341,0,1,0.07804878,0.004878049,0.841062036,1.188085519,0.580078049,0,4.193548387,5.64516129,0.00017,1,0.683060109,0.943423781,17.75564393,462,0.04401204,0.000313968,67,-1.1579198,3.2876402,5.420277,2.9053938,-9.0736836,2.6040057,0.119087508,39.01305574,1
TMEM95,4,0,0,0,22,0,0,0,0,0,4,0,22,23,555,0.285714286,0.142857143,0,0.428571429,0,1,0.142857143,0,0.898226518,0.735511101,0.538,0,1,1.666666667,0.418760469,1,0.428449015,0.791595344,20.86645112,206,0.03594318,0,0,-1.7326923,1.1972847,2.4182143,0.4882588,-6.575417,1.6272023,0.054151754,17.69473854,0
FAM132A,2,0,0,0,16,2,0,0,0,0,2,0,18,19,909,0.4,0,0,0.6,0,1,0,0,1,1.006821495,0.2054,0,1,1,1,1,0.599520384,0.906250182,21.16815854,196,0.02742994,0,0,1.351718723,2.259599723,5.608432309,2.003830228,-6.0735363,1.59042228,0.054151754,17.69473854,0
CCDC142,5,2,0,0,71,2,0,0,3,0,6,2,75,76,2232,0.111111111,0.037037037,0,0.740740741,0,1,0.074074074,0,0.93768595,1.048500159,0.390592593,0.037037037,5,6,0.357909807,1,0.30816641,0.670913821,19.99465314,315,0.04751862,0,0,1.8585803,1.772338,5.578889,1.1368571,-5.582037,2.2426197,0.054151754,17.69473854,0
MED12,6,6,6,1,442,33,0,0,13,0,14,7,486,404,6534,0.173684211,0.047368421,0.021052632,0.731578947,0.105263158,0.957640468,0.015789474,0.010526316,0.915234324,0.502968292,0.534857895,0,4.088235294,4.617647059,0.535045479,0,0.00129,2.47E-07,19.53390838,442.7397812,0.02731504,0.000124148,68,1.11671705,0.7615538,2.0624755,0.7166867,-3.2433897,0.74099,0.070677418,13.74769184,1
TMEM45B,1,0,1,0,40,2,0,0,2,0,2,0,44,44,828,0.294117647,0,0,0.705882353,0,1,0,0,0.971217583,1.278855869,0.278,0,2,2,1,1,0.628535512,0.920403991,19.27070846,231,-0.001868024,1.27E-05,3,-1.5796704,1.680299,2.9505555,0.33885862,-8.1913516,2.9447423,0.111618163,34.28197119,0
TNFAIP3,10,4,0,0,105,6,0,0,2,0,10,4,113,116,2373,0.285714286,0,0,0.693877551,0,1,0.020408163,0,0.985460931,0.769987075,0.346326531,0,2.266666667,2.333333333,1,1,0.68540096,0.944312042,18.26931802,256,0.0511319,0.00038145,78,-2.33192,3.0850874,4.3942753,1.6449358,-10.619554,3.634864,0.006294396,0.109022741,1
CIC,82,26,4,0,288,28,0,0,6,0,86,27,321,365,4827,0.173913043,0.065217391,0.02173913,0.565217391,0.072463768,0.952046446,0.173913043,0,0.776113798,0.551298019,0.540449275,0,3.12,4.56,0.00192,8.00E-05,0.0018,2.41E-06,19.59292926,299,0.0368695,2.38E-05,14,-9.242589,6.354355,4.4058923,1.3622545,-19.095173,7.648029,0.01311023,0.473141558,1
PEX12,4,1,1,0,55,8,0,0,0,0,5,1,63,62,1080,0.19047619,0.095238095,0,0.666666667,0,1,0.047619048,0,0.92676729,0.75622241,0.511857143,0,2.8,3.4,0.457247371,1,0.337837838,0.704455834,19.52810151,227,0.01435551,6.34E-07,4,-0.011044765,1.2556815,3.3446513,0.57626157,-6.0233332,1.9359224,0.010414232,0.298442888,0
NCLN,2,0,0,0,47,5,0,0,2,0,2,0,54,50,1692,0.235294118,0.176470588,0,0.588235294,0,1,0,0,0.931571423,0.576690191,0.526235294,0,2,2.6,0.011160963,1,0.259067358,0.608981136,19.78855601,241,0.02991065,1.00E-05,13,-1.7385047,1.5584871,3.3934694,0.5376993,-6.074138,2.0277577,0.054151754,17.69473854,0
ADCY4,8,0,0,0,161,12,1,0,4,0,8,0,178,158,3234,0.315068493,0.068493151,0,0.547945205,0.04109589,0.977663699,0.068493151,0,0.893828915,0.756064854,0.391123288,0,1.666666667,2.083333333,0.296823983,0.130548303,0.767754569,0.330785668,19.78934817,173,0.03896115,0,1,-0.048831524,1.6089177,4.2703878,0.7944708,-7.4169114,2.1469364,0.035231001,3.418367883,0
ZFPL1,1,0,0,0,42,0,0,0,3,0,1,0,45,46,933,0.315789474,0,0,0.684210526,0,1,0,0,1,0.747415062,0.321578947,0,1.857142857,1.857142857,1,1,0.309885342,0.672932418,21.63956108,207,0.04633121,1.61E-06,4,-0.77149426,1.3089297,3.4836736,0.7478211,-6.2584214,1.5232421,0.054151754,17.69473854,0
TSPEAR,5,1,1,0,148,12,0,0,3,0,6,1,163,157,2010,0.358974359,0,0.025641026,0.58974359,0.051282051,0.968514331,0.025641026,0,0.959205434,0.908251862,0.282038462,0,1.586206897,1.724137931,0.859106529,0.213447172,0.625400213,0.402302458,19.71498935,461,0.02992648,0,0,0.9520821,1.6837278,5.880914,1.3231357,-5.7908334,1.3972209,0.054151754,17.69473854,0
SEC31A,30,3,2,0,153,21,0,0,3,0,33,4,175,178,3663,0.237288136,0.033898305,0.016949153,0.644067797,0,1,0.06779661,0,0.943379871,0.723944024,0.401355932,0,2.533333333,3,0.834724541,1,0.865051903,0.990454819,19.56484427,268,0.03844401,0.000112927,43,-2.0471703,1.7671553,2.2058874,1.258643,-7.3291935,1.9025445,0.054151754,17.69473854,0
MAP2K1,1,1,4,0,98,3,1,0,0,0,5,1,102,105,1182,0.095238095,0,0,0.857142857,0.404761905,0.806712388,0.023809524,0.023809524,0.82349594,0.308310327,0.671285714,0,7.2,7.6,1,0,6.00E-05,1.33E-08,18.94958879,172,0.04311826,0.000169693,53,0.56177033,1.7547911,5.360246,1.5649881,-6.1671264,1.2575596,0.013481049,0.50014178,1
PIK3CA,1,2,44,0,1587,11,1,0,3,4,47,2,1604,1398,3207,0.01686747,0.003614458,0,0.93253012,0.689156627,0.48063374,0.003614458,0.038554217,0.445637079,0.26708969,0.861498795,0.004819277,51.6,54.4,1,0,0,2.40E-09,18.61643864,613,0.01079402,0.00023606,52,7.7689834,5.5092596,11.9625546,6.831857,-3.090697,0.45148726,0.026445117,1.923403151,1
PRAF2,1,0,0,0,15,0,0,0,0,0,1,0,15,16,537,0.444444444,0,0,0.555555556,0,1,0,0,1,0.642575477,0.313333333,0,1,1,1,1,0.231803431,0.57066888,19.6691496,442.7397812,0.04130092,6.03E-06,9,-0.62199994,0.24943468,0.6356,0.01092734,-6.91,1.1497534,0.040913303,4.609166891,0
RFK,0,0,0,0,20,0,0,0,0,0,0,0,20,20,468,0.125,0,0,0.75,0,1,0.125,0,1,0.649166382,0.475625,0,3,3.5,1,1,0.331674959,0.697711386,16.7045224,603,-0.01022146,6.16E-07,8,2.473077,0.78025726,3.7853334,0.9299733,-1.9011112,0.05524136,0.00379242,0.039582837,0
POM121,5,1,0,0,153,6,0,0,2,0,5,1,161,151,3000,0.444444444,0,0,0.555555556,0,1,0,0,1,1.14195889,0.203444444,0,1,1,1,1,0.195656427,0.51484936,19.29051435,332,0.05948739,0.000216912,38,5.6855656,2.593442,8.588947,2.9292408,-3.278625,0.50332015,0.014814179,0.603851851,0
PRDM9,5,2,0,0,519,61,0,0,11,0,5,2,591,488,2685,0.2109375,0.0703125,0.015625,0.703125,0.0234375,0.991861787,0,0,0.93213322,1.25320908,0.235304688,0,3.214285714,3.607142857,0.543478261,0.920418006,0.803858521,0.962783391,13.93088699,1069,-0.01925649,0,0,9.1979586,5.978717,15.319195,6.90667,-4.61757,1.135737,0.054151754,17.69473854,0
SLC35E2B,0,0,0,0,30,0,0,0,2,0,1,0,31,32,1218,0,0,0,1,0,1,0,0,1,0.262895447,0.959,0,1,1,1,1,0.053966541,0.211515976,19.31298702,442.7397812,0.020143467,0,0,1.351718723,2.259599723,5.608432309,2.003830228,-6.0735363,1.59042228,0.054151754,17.69473854,0
SOCS1,3,0,0,0,27,1,0,0,0,0,3,0,28,25,636,0.3,0.05,0,0.65,0,1,0,0,1,0.721633069,0.2788,0,1.857142857,2,0.42662116,1,0.241021933,0.58396417,19.27148377,308,0.03676347,0.000322007,52,1.3119355,0.8392995,4.339512,0.54840012,-4.5990475,0.9082886,0.018924242,0.985608935,1
B2M,55,7,1,0,37,22,1,0,13,19,58,7,90,125,360,0.047619048,0.119047619,0.095238095,0.261904762,0.261904762,0.612121912,0.19047619,0.023809524,0.431254337,1.552088232,1.03952381,0.261904762,3.666666667,13.33333333,0,0,0,2.40E-09,19.36050848,428,0.03622573,4.00E-05,21,-7.338152,3.806495,1.4846512,0.25301932,-13.879195,5.446894,0.004793934,0.063237301,1
JAK2,7,4,0,0,150,44,0,0,10,0,7,4,204,170,3399,0.194029851,0.119402985,0.059701493,0.582089552,0,1,0.044776119,0,0.850887826,0.561617473,0.608164179,0,2.785714286,3.857142857,0.00994,1,0.510204082,0.853543099,17.96400744,634,0.02805088,0.0005218,96,-2.5644977,3.7645686,4.768871,2.267728,-13.262588,4.034098,0.054151754,17.69473854,1
TRIO,34,8,0,0,444,34,0,0,10,0,34,8,488,409,9294,0.230769231,0.035897436,0.01025641,0.692307692,0,1,0.020512821,0.01025641,0.954089008,0.447897449,0.506841026,0,2.934782609,3.260869565,0.618046972,1,0.00812,0.047205012,18.9840646,557,0.02895947,2.68E-05,21,6.069847,4.5584414,11.634633,5.974916,-3.7755437,0.5403699,0.018557258,0.947476578,0
WT1,2,2,1,0,98,12,1,0,5,0,5,2,114,115,1554,0.152542373,0.033898305,0.050847458,0.593220339,0,1,0.152542373,0,0.808101481,0.443912797,0.648610169,0.016949153,3.5,5,0.057850283,1,7.00E-05,0.000739691,18.44283864,749,0.008653244,6.93E-05,21,-1.1856653,1.3244144,3.545882,0.62045315,-7.819588,1.5663255,0.068915321,13.06885843,1
DSC1,5,2,1,0,249,17,0,0,6,0,7,2,271,218,2685,0.267326733,0.089108911,0.00990099,0.633663366,0,1,0,0,0.944653646,0.919545269,0.35960396,0,2.285714286,2.642857143,0.259807742,1,0.738552437,0.962380483,17.7078161,492,-0.006516167,1.25E-05,22,0.9384629,2.2697696,6.25627,2.0482147,-6.3110255,1.666916,0.139969141,53.90312379,0
BRCA1,18,7,2,0,232,37,0,0,8,1,20,8,277,270,5655,0.183206107,0.099236641,0.022900763,0.58778626,0,1,0.099236641,0.007633588,0.836243777,1.123127617,0.545870229,0,3.08,4.28,0.00735,1,0.543478261,0.874872593,20.48367901,201,0.02652095,0.011628643,560,-0.6558086,2.0760827,4.809346,0.9732972,-9.0479076,2.612885,0.088999768,21.79219206,1
CCDC78,3,0,0,0,50,1,0,0,5,0,3,0,56,56,1317,0.19047619,0,0.047619048,0.761904762,0,1,0,0,0.978317119,1.417798381,0.225380952,0,3.2,3.4,0.64977258,1,0.386996904,0.754387998,20.2039382,194,0.03298207,0,0,1.0782301,1.6265789,6.267377,1.29347425,-5.0090384,1.3504753,0.054151754,17.69473854,0
TRAF7,5,0,0,0,87,4,0,0,2,0,5,0,93,92,2013,0.15,0,0.025,0.725,0,1,0.075,0.025,0.962419635,0.450290157,0.564275,0,4.142857143,4.857142857,0.899280576,1,0.020096463,0.098617593,21.05550223,224,0.03908355,0.000116241,20,0.7977604,0.811296,4.077456,0.5639439,-3.995641,0.7928278,0.015243363,0.63936797,1
HNF1A,19,2,0,0,113,7,0,0,5,0,19,2,125,131,1896,0.288135593,0.033898305,0,0.610169492,0.050847458,0.9744522,0.06779661,0,0.935850746,0.590613098,0.514610169,0,2,2.333333333,0.778816199,0.155715302,0.018720282,0.019932636,20.22513093,380,0.03999632,7.08E-05,39,1.9061565,1.7904647,4.9537566,1.9010149,-4.283299,1.0057298,0.054151754,17.69473854,1
SETD2,55,24,1,0,382,99,0,0,19,0,60,27,493,443,7695,0.068807339,0.23853211,0.04587156,0.509174312,0.04587156,0.977034064,0.128440367,0.004587156,0.632508934,0.541659147,0.719417431,0.004587156,6.9375,12.6875,0,0.01001,0.00769,0.000806102,19.17982698,365,0.04604902,5.14E-05,24,-2.9251443,2.2251226,3.2609344,0.61204494,-13.336925,3.2157205,0.054151754,17.69473854,1
PRDM1,7,4,0,0,159,6,0,0,2,0,7,4,167,164,2478,0.1875,0.015625,0.015625,0.71875,0,1,0.0625,0,0.949193294,0.679292409,0.46365625,0,3.538461538,4,0.752445448,1,0.021250823,0.103095387,17.30863678,278,0.0435661,3.92E-05,18,-1.29704345,6.1507363,6.134889,5.330117,-15.231916,4.74466,0.013318573,0.488324588,1
CCDC175,0,0,0,0,1,0,0,0,0,0,0,0,1,1,2382,0,0,0,1,0,1,0,0,1,1.702929038,0.119875,0,8,8,1,1,0.361663653,0.729490284,19.31298702,442.7397812,0.020143467,0,0,-0.1,0.000162,5.5743575,2.003074,-0.1,0.000162,0.054151754,17.69473854,0
FAM193B,4,1,0,0,50,2,1,0,1,0,4,1,54,56,2469,0.529411765,0,0,0.411764706,0,1,0.058823529,0,1,0.747304953,0.174941176,0,0.7,0.8,1,1,0.985221675,0.999890259,20.09546785,347,0.04082487,2.22E-05,14,-2.6107827,1.8989474,3.4058332,0.8807611,-9.174364,2.2055734,0.054151754,17.69473854,0
NF2,11,4,1,0,80,38,0,0,22,0,15,6,135,145,1788,0.142857143,0.204081633,0.040816327,0.408163265,0,1,0.163265306,0.040816327,0.67127688,0.578383877,0.657836735,0,2.5,5.25,0,1,0.961538462,0.999250686,19.48687743,149,0.03782316,0.000214015,43,-5.8012582,4.3732826,5.017939,1.4759649,-14.089648,5.021576,0.009319225,0.238967916,1
SMARCB1,7,4,2,0,69,9,0,0,1,0,9,4,79,89,1158,0.204081633,0.163265306,0,0.510204082,0,1,0.102040816,0.020408163,0.825146919,0.343515611,0.66744898,0,2.272727273,3.545454545,0.00277,1,0.425170068,0.788803584,19.28173809,196,0.05239067,0.000671394,114,-0.9089012,1.9814234,4.940562,1.4881994,-6.5067746,1.8269677,0.006400871,0.112749311,1
GATA3,43,68,1,0,128,7,0,0,26,0,66,69,138,261,1335,0.108695652,0,0.014492754,0.304347826,0.02173913,0.979005018,0.572463768,0,0.465550088,0.548241368,0.776702899,0,2.625,7.6875,0.741839763,0.34045385,0.066546882,0.1084623,17.48095031,675,-0.002356654,1.33E-05,21,1.0335754,2.6338376,6.336451,2.147266,-6.208238,2.398277,0.042216499,4.906175,1
GATA1,5,0,0,0,78,5,0,0,0,1,5,0,84,84,1242,0.4,0.04,0,0.52,0,1,0,0,0.983634919,0.927252922,0.31644,0.04,1.181818182,1.363636364,0.22366361,1,0.546448087,0.876675392,19.65147692,442.7397812,0.02874381,0.000128365,56,0.19693184,0.6975406,1.7057143,0.4942242,-5.6705557,1.0797594,0.17227654,81.66400099,1
PHF6,0,3,0,0,53,10,1,0,4,1,0,3,69,69,1098,0.078947368,0.105263158,0.105263158,0.605263158,0,1,0.078947368,0,0.791299633,0.49269121,0.690710526,0.026315789,5.75,8.75,0.039297363,1,0.706214689,0.951861579,18.04937955,442.7397812,0.04694914,1.54E-05,36,-0.56729927,0.32189435,0.721,0.036240334,-4.049189,0.945678,0.035741853,3.517384518,1
UFL1,9,2,1,0,122,9,0,0,4,0,10,2,135,127,2385,0.135135135,0.054054054,0.027027027,0.72972973,0,1,0.054054054,0,0.929392185,0.799902814,0.459135135,0,4.5,5.333333333,0.684462697,1,0.485672657,0.836435371,16.68657849,1376,-0.001419341,6.98E-06,11,-1.5587153,1.8253827,3.1549133,0.54275864,-8.6496525,2.9321851,0.054151754,17.69473854,0
CASP8,22,11,5,0,173,70,1,0,18,0,28,12,260,251,1617,0.054347826,0.326086957,0.043478261,0.5,0.032608696,0.981286148,0.043478261,0.032608696,0.635216923,0.89319806,0.71551087,0,7.666666667,14.5,0,0.77402,0.00275,0.015224089,19.12497321,386,0.03690582,0.000715048,102,-0.08665529,1.3123528,3.1185487,0.7805335,-5.955121,1.759516,0.089786528,22.18375722,1
FAM26D,1,0,0,0,24,3,0,0,1,0,1,0,28,29,516,0.090909091,0,0,0.909090909,0,1,0,0,1,0.903635776,0.294181818,0,5,5,1,1,0.291120815,0.650368828,17.9961783,479,0.01905526,6.02E-08,3,-1.8198147,2.0321868,3.861765,0.6092527,-11.4785,3.0509055,0.054151754,17.69473854,0
AXIN1,23,4,1,0,132,20,0,0,9,0,24,4,161,169,2589,0.28125,0.15625,0.015625,0.453125,0,1,0.09375,0,0.808627947,0.690583552,0.50721875,0,1.526315789,2.421052632,0.00037,1,0.53561864,0.870022959,20.46263007,205,0.04011333,0.000296035,58,1.351718723,2.259599723,5.608432309,2.003830228,-6.0735363,1.59042228,0.014663181,0.592102801,1
BCL2L11,1,4,0,0,50,6,0,0,2,0,3,4,56,59,597,0.2,0,0,0.666666667,0,1,0.133333333,0,0.89761679,0.465634813,0.6326,0,2.5,3,1,1,0.133547009,0.402417433,19.31298702,442.7397812,0.020143467,0.000337914,45,1.9726051,1.2416021,5.04061,1.0706085,-4.8267566,0.9712722,0.054151754,17.69473854,0
FGFR3,7,1,0,0,172,3,0,0,1,0,7,1,176,171,2427,0.180555556,0.013888889,0,0.708333333,0.194444444,0.884166935,0.069444444,0,0.848031254,0.577555216,0.564875,0.027777778,3.642857143,4.214285714,0.464037123,0,0,2.40E-09,19.71294944,222,0.04176044,0.000330134,38,4.1030485,10.320071,10.7498646,13.99852,-7.335659,1.9647114,0.008878907,0.217141695,1
FOXL2,2,0,0,0,41,1,0,0,0,0,2,0,42,43,1131,0.2,0,0,0.7,0,1,0.1,0,1,0.619865831,0.4795,0,2.333333333,2.666666667,1,1,0.010347575,0.057646372,18.39994627,340,0.02125854,1.16E-06,4,5.5393975,3.1297352,9.484167,3.5257664,-4.7513045,0.6783947,0.022463303,1.390259178,1
RPL9,0,0,0,0,26,0,1,0,1,0,0,0,28,26,579,0.2,0,0,0.8,0,1,0,0,1,0.294032682,0.688,0,2,2,1,1,0.071643502,0.260499557,19.3072146,177,0.0427968,0.000282474,157,-4.2334482,2.1329569,1.7478125,0.11235437,-11.595,3.702295,0.021070344,1.222601188,0
SERPINB3,3,1,0,0,146,11,0,0,7,1,3,2,164,153,1173,0.1875,0.125,0,0.625,0,1,0.0625,0,0.925704883,1.357906373,0.412375,0,2.5,3.25,0.281848929,1,0.173010381,0.47654043,17.41115096,370,-0.004581393,0.000252709,26,-3.1592548,3.5617255,4.751093,1.646882,-13.573597,4.190684,0.175488851,84.73433601,0
NCOR1,23,13,4,0,390,57,0,0,25,0,29,13,470,400,7323,0.158536585,0.182926829,0.054878049,0.548780488,0,1,0.054878049,0,0.772858073,0.51934546,0.574981707,0,3.333333333,5.111111111,0,1,0.973709834,0.999651345,19.86445746,370,-0.01771339,0.000619138,146,-4.1536145,2.8026937,3.095985,0.66348966,-12.4992654,3.9677434,0.020998819,1.213087567,1
CREBBP,45,14,8,0,466,66,0,0,22,0,56,14,551,476,7329,0.18442623,0.139344262,0.016393443,0.618852459,0.06147541,0.967381964,0.028688525,0.012295082,0.846240621,0.495391511,0.600389344,0,3.282608696,4.326086957,0,3.00E-05,0.06359,2.70E-05,19.28294927,242,0.03916608,0.003370096,305,-0.20887405,1.507603,4.7890924,0.9757148,-5.5074055,1.5276254,0.138289936,52.61016857,1
AKT1,0,0,0,0,114,2,0,0,0,0,0,0,116,113,1443,0.166666667,0,0,0.8,0.533333333,0.403159227,0,0.033333333,0.531620466,0.35345287,0.671583333,0,4.363636364,4.545454545,1,0,0,2.40E-09,19.44105606,247,0.03599851,0.002771845,253,1.7309705,1.8659398,5.437059,1.847982,-5.0194047,1.2069527,0.018868391,0.979617091,1
RUNX1,14,17,2,1,90,13,0,0,4,0,16,18,107,132,1443,0.166666667,0.111111111,0.027777778,0.388888889,0.055555556,0.940567258,0.277777778,0.027777778,0.637113548,0.46657454,0.715958333,0,2.153846154,4.615384615,7.00E-05,0.00869,0.09258,0.006536939,17.3313631,429,0.04466899,0.000228237,70,0.27915747,1.7435038,5.1285617,1.6088907,-5.295748,1.3264953,0.160355845,70.7538847,1
PTPN23,20,4,5,0,166,10,1,0,4,0,25,4,181,175,4911,0.377777778,0.022222222,0,0.511111111,0,1,0.044444444,0.044444444,0.972667038,0.669175451,0.340133333,0,1.277777778,1.555555556,0.86281277,1,0.49652433,0.844152331,19.72489933,215,0.04586576,4.10E-05,32,-1.3116868,1.2303947,2.5456678,0.33647364,-9.054348,2.1355618,0.006682842,0.12288927,0
BAP1,41,9,7,0,154,42,0,0,15,3,52,9,210,244,2190,0.038834951,0.145631068,0.067961165,0.514563107,0.067961165,0.960779761,0.194174757,0.009708738,0.621559762,0.506092678,0.819834951,0.029126214,10.6,19.8,0,0.00928,0.01093,0.001034198,20.04047034,229,0.06225371,0.000299516,45,-10.89797,5.2441258,2.1595256,0.3846059,-24.765232,6.678334,0.024020101,1.587485814,1
EP300,26,15,5,1,385,86,0,0,26,0,33,16,495,431,7245,0.12345679,0.135802469,0.024691358,0.654320988,0.111111111,0.939993811,0.043209877,0.018518519,0.809921536,0.487414239,0.62708642,0,5.047619048,6.761904762,7.00E-05,0,0.0068,1.19E-06,20.15461665,154,0.04216219,0.007804831,468,-0.5667781,2.2362601,5.242575,1.5282213,-7.025412,2.2340808,0.014211348,0.555609458,1
OR5B2,2,1,0,0,91,3,0,0,0,0,2,1,94,93,930,0.387755102,0,0,0.612244898,0,1,0,0,0.970921862,1.268934297,0.191387755,0,1.5,1.5,1,1,0.829875519,0.984630346,18.85907793,835,-0.02900079,0,0,-0.20765953,1.1292861,3.8241286,0.8233565,-5.7705063,1.0267815,0.054151754,17.69473854,0
FLT3,5,4,0,0,219,24,0,0,15,0,5,4,258,224,2982,0.166666667,0.020833333,0.020833333,0.555555556,0.111111111,0.873456327,0.006944444,0.229166667,0.746126577,0.745249249,0.585756944,0,3.2,4.8,0.99009901,0,0.00027,5.60E-08,18.40079398,614,0.04212426,5.36E-06,12,-1.5599014,2.2533687,4.5847636,1.4322273,-8.843448,2.254834,0.034754924,3.325604298,1
BACH2,6,5,3,0,198,9,0,0,0,0,9,5,207,194,2526,0.293478261,0.043478261,0,0.630434783,0.032608696,0.986005277,0.02173913,0.010869565,0.956237794,0.647619113,0.417478261,0,2.071428571,2.321428571,0.380372765,0.722591362,0.118652112,0.296347416,18.16774007,601,0.01333095,5.84E-06,12,-2.2895765,2.7437197,3.415698,1.3613334,-11.738937,3.615236,0.00430115,0.051099595,0
MET,4,3,1,0,255,25,0,0,14,1,7,3,293,245,4227,0.224137931,0.051724138,0.051724138,0.646551724,0,1,0.00862069,0.017241379,0.924445296,0.7094768,0.458948276,0,2.777777778,3.333333333,0.061583939,1,0.065466448,0.243942226,19.09049522,262,0.002308467,7.15E-05,34,7.89408,6.25187,11.807852,7.548107,-3.6917217,0.63168267,0.026525397,1.936327709,1
FOSL1,5,0,1,0,25,3,0,0,0,0,6,0,28,34,816,0.2,0.1,0,0.7,0,1,0,0,0.939794001,0.976637053,0.39,0,2.333333333,2.666666667,0.48947626,1,0.452284034,0.811146496,21.84960516,287,0.04185112,2.57E-05,27,1.126,1.0303617,4.571389,1.1587033,-4.0420834,0.41535185,0.040621944,4.541270193,0
TGFB3,4,1,3,0,47,5,0,0,2,0,7,1,54,58,1239,0.263157895,0.052631579,0.052631579,0.631578947,0,1,0,0,0.975220114,0.658918051,0.373315789,0,2,2.333333333,0.291205591,1,0.863557858,0.990236942,17.78971257,582,0.03376412,0.000189669,7,-1.1410925,0.57770866,1.4456164,0.14404622,-5.2460868,1.0036082,0.120653725,40.0598032,0
CBL,2,1,3,0,126,8,0,0,5,0,6,1,138,126,2721,0.352941176,0.088235294,0.044117647,0.485294118,0,1,0.029411765,0,0.898408009,0.595083778,0.454073529,0,1.32,1.76,0.063267114,1,0.954198473,0.998934719,20.16154157,183,0.05260533,0.002320889,227,-3.1704016,2.2157505,3.0275695,0.49398644,-10.0358464,3.237735,0.00610159,0.102441607,1
NOTCH1,40,11,17,0,395,52,0,0,14,0,57,13,459,432,7668,0.170124481,0.10373444,0.041493776,0.543568465,0.041493776,0.980996109,0.099585062,0.041493776,0.778813007,0.588174076,0.622713693,0,3.119047619,4.761904762,0,0.01582,1.00E-05,2.64E-06,20.50627949,212,0.04344674,0.001537385,179,0.8022394,2.2272618,6.1187748,1.4834506,-8.262245,2.195656,0.012555592,0.433712139,1
SMAD2,4,1,0,0,98,35,0,0,4,0,4,2,136,120,1404,0.122807018,0.263157895,0,0.596491228,0.052631579,0.972510928,0.01754386,0,0.787187173,0.291517917,0.758368421,0,4.25,6.25,0.00059,0.549752611,0.590434305,0.689819363,16.72182949,185,0.0417556,0.003001538,259,-3.0267658,2.7950099,3.7485,0.9077367,-10.3797674,3.8193386,0.058093709,9.286746259,1
GNA11,3,0,0,0,96,2,0,0,2,0,3,0,100,97,1080,0.277777778,0.055555556,0,0.666666667,0.166666667,0.889471473,0,0,0.936651039,0.52336144,0.431666667,0,2,2.166666667,0.657894737,0.00134,0.43282,0.004902282,19.93205179,173,0.0254863,0.000111318,28,-0.059653464,1.2243571,3.9466936,0.4615603,-6.428718,1.7893529,0.022388412,1.379646893,1
SAT1,1,0,1,0,33,2,0,0,2,0,2,0,37,36,516,0.230769231,0,0.076923077,0.692307692,0,1,0,0,1,0.417721653,0.538461538,0,2.25,2.5,0.690131125,1,0.2787068,0.6347812,18.90577069,442.7397812,0.04592751,0.000378321,74,-0.27975,0.39977804,0.6547692,0.008394285,-4.3293335,2.0012645,0.054151754,17.69473854,0
TMEM176A,0,1,0,0,58,2,0,0,1,0,0,1,61,59,708,0.210526316,0.052631579,0,0.736842105,0,1,0,0,0.975220114,1.997329292,0.243526316,0,2.8,3,0.808407437,1,0.530785563,0.866983639,19.51470346,604,0.01629785,7.82E-07,4,9.4293445,3.74232,12.368889,4.0936325,-3.2234784,0.2849385,0.054151754,17.69473854,0
ZC3HAV1L,0,0,0,0,27,0,0,0,1,0,0,0,28,28,903,0.083333333,0,0,0.916666667,0,1,0,0,1,1.317041318,0.239166667,0,5.5,5.5,1,1,0.336360579,0.702849493,19.07883541,243,0.02850462,1.78E-05,10,6.793929,1.8684778,9.284419,2.1584641,-1.44384615,0.05181459,0.054151754,17.69473854,0
ASXL1,35,9,0,0,225,36,0,0,2,0,35,9,263,258,4626,0.261261261,0.162162162,0.018018018,0.468468468,0,1,0.09009009,0,0.802160378,0.899284732,0.412846847,0,1.733333333,2.733333333,0,1,1,1,19.57455121,242,0.05736297,1.36E-05,11,5.671273,2.3235997,9.3854725,2.9469432,-1.9856922,0.17194557,0.006405327,0.112893507,1
ATRX,145,40,4,0,538,135,0,0,29,0,153,42,696,652,7479,0.104918033,0.11147541,0.026229508,0.504918033,0,1,0.245901639,0.006557377,0.674289962,0.656409287,0.614190164,0,4.666666667,8.272727273,7.00E-05,1,0.106067034,0.344047941,19.06517707,442.7397812,0.007779237,0.000226882,47,0.52054795,1.0444055,2.1669155,0.5441917,-6.1937682,2.5289256,0.075584302,15.72117858,1
NRAS,2,2,0,0,287,5,0,0,5,1,2,2,298,294,570,0.005235602,0.010471204,0,0.984293194,0.937172775,0.179240585,0,0,0.193185285,0.263128327,0.886465969,0,94,95,1,0,0,2.40E-09,19.19616553,472,0.01059793,3.59E-05,18,3.6930118,4.572427,8.59919,4.352712,-9.636981,2.75445,0.02327773,1.490944691,1
RILPL1,2,0,3,0,48,8,0,0,1,0,5,0,57,59,1212,0.235294118,0.058823529,0.058823529,0.529411765,0,1,0.117647059,0,0.884870333,0.369681737,0.629588235,0,1.8,2.6,0.295595625,1,0.040293335,0.169698171,19.98725707,424,0.04854676,0,1,1.7936066,1.3247686,5.0968353,1.2021646,-4.2751163,1.0017043,0.054151754,17.69473854,0
TNFRSF14,0,1,0,2,33,2,0,0,1,1,0,3,37,40,852,0.125,0.1875,0.1875,0.4375,0,1,0,0,0.717191393,1.659937771,0.6225,0.0625,2.333333333,4.666666667,0.00013,1,0.524658972,0.863067579,18.37257475,228,0.03783589,0.000150246,30,1.351718723,2.259599723,5.608432309,2.003830228,-6.0735363,1.59042228,0.054151754,17.69473854,0
IDH2,5,3,1,1,86,2,0,0,1,0,6,4,89,90,1359,0,0.071428571,0.023809524,0.904761905,0.761904762,0.356329269,0,0,0.397901689,0.390340941,0.892166667,0,38,42,0.209117524,0,0,2.40E-09,19.69967801,192,0.0381749,8.93E-06,14,-0.54145074,1.6397526,3.5563063,0.69676377,-6.0884144,2.3990046,0.054151754,17.69473854,1
SCGB1C1,0,0,0,0,30,1,0,0,1,1,0,0,33,33,288,0.181818182,0.090909091,0,0.727272727,0,1,0,0,1,0.793932435,0.403363636,0,2.666666667,3,0.694927033,1,0.150398556,0.435323578,19.93660344,437,0.01089102,0,0,1.351718723,2.259599723,5.608432309,2.003830228,-6.0735363,1.59042228,0.054151754,17.69473854,0
FMR1,6,6,1,0,156,18,0,0,8,0,7,6,182,155,1899,0.222222222,0.074074074,0.037037037,0.666666667,0,1,0,0,0.950091456,0.4536313,0.528407407,0,2.769230769,3.230769231,0.399840064,1,0.451875282,0.810821989,16.55787559,442.7397812,-0.005943483,8.45E-05,36,2.334799,1.30596245,3.475017,1.5518637,-1.84125,0.18877253,0.068998753,13.10168319,0
FUBP1,38,9,3,0,90,25,0,0,14,1,46,10,124,167,1935,0.153846154,0.246153846,0.061538462,0.338461538,0,1,0.2,0,0.574751963,0.427634758,0.735369231,0,2,5,0,1,0.999000999,0.999999501,18.50995975,256,0.001174656,0.000201703,93,-9.441405,6.9931686,3.4546394,1.1038571,-24.884816,9.692701,0.012355579,0.420090923,1
SOX9,20,32,9,1,91,18,1,0,3,0,31,34,110,163,1530,0.170212766,0.127659574,0,0.531914894,0,1,0.106382979,0.042553191,0.819893788,0.563608678,0.554680851,0.021276596,2.777777778,4.333333333,0.00227,1,0.379362671,0.747064726,17.28449429,606,-0.04113624,0.000124161,17,1.5507895,1.7660571,5.845631,1.6896877,-4.9546324,1.1873,0.022268613,1.364740825,1
ZACN,4,2,0,0,54,5,0,0,4,0,4,2,63,62,1239,0.409090909,0,0.090909091,0.409090909,0,1,0.045454545,0.045454545,0.951533902,1.261831519,0.298727273,0,0.9,1.3,0.338180588,1,0.908265213,0.995657455,20.61973908,218,0.02167319,0.000427635,67,3.206857,3.2805584,7.180105,3.8201492,-5.181111,1.1419342,0.054151754,17.69473854,0
TSHR,4,3,1,0,161,10,0,0,5,0,6,3,175,156,2295,0.305555556,0.013888889,0.013888889,0.652777778,0,1,0.013888889,0,0.989296449,0.894035758,0.359333333,0,2.043478261,2.173913043,0.82781457,1,0.670690812,0.938596268,17.70945745,492,-0.009590797,8.09E-05,27,-1.3117564,1.801635,3.5796154,0.8642573,-8.328345,2.3202918,0.035621279,3.491695997,1
HS2ST1,3,2,0,0,56,7,1,0,4,0,3,2,68,67,1071,0.0625,0.1875,0.0625,0.6875,0,1,0,0,0.875,0.562682854,0.6740625,0,5.5,7.5,0.058383933,1,0.63734863,0.924434974,18.34342084,515,0.000270133,2.31E-05,13,0.6470922,0.8590488,3.1954456,0.67545557,-5.7875,0.7589906,0.054151754,17.69473854,0
KIT,2,2,1,2,273,17,0,0,11,0,3,5,300,256,2931,0.276190476,0.019047619,0,0.657142857,0.047619048,0.972455597,0.028571429,0.019047619,0.955717067,0.803769349,0.399961905,0,2.3,2.533333333,0.994035785,0.075671585,0.18569807,0.073983934,16.50081668,649,0.000420871,0.000193375,40,3.5844862,7.450482,9.9553056,10.027198,-6.65433,1.6274719,0.025860665,1.841389111,1
SLC25A38,4,0,0,0,49,2,0,0,0,0,4,0,51,53,915,0.166666667,0,0,0.833333333,0,1,0,0,1,0.729665794,0.3995,0,3.333333333,3.333333333,1,1,0.299222023,0.660254168,17.29436318,595,0.0322058,1.20E-08,2,-0.61,1.2295871,3.2088,0.57386225,-8.5658334,1.6875729,0.054151754,17.69473854,0
AGBL4,1,0,1,0,74,4,1,0,5,0,2,0,84,82,1512,0.0625,0.125,0,0.75,0,1,0.0625,0,0.925704883,0.63222281,0.694125,0,6,7.5,0.231696015,1,0.100583384,0.331600101,14.00870785,1041,-0.01843567,0,0,-0.07223527,0.9946192,2.9153153,0.69086934,-5.6928813,1.0956668,0.054151754,17.69473854,0
PAX5,6,3,0,0,99,7,0,0,6,0,6,3,112,116,1176,0.186046512,0.046511628,0,0.720930233,0,1,0.046511628,0,0.957142132,0.403251927,0.581418605,0,3.444444444,3.888888889,0.702740689,1,0.042092857,0.175437859,18.71231339,542,0.03448425,1.03E-06,8,-0.29173158,1.668914,4.095906,1.1170208,-8.2643904,1.7003052,0.024735432,1.684481573,1
CDC73,2,2,2,0,124,11,0,0,7,0,5,2,141,132,1596,0.063829787,0.063829787,0.063829787,0.723404255,0.063829787,0.972510928,0.085106383,0,0.854541704,0.361516632,0.694255319,0,8.5,11,0.386100386,0.408872469,0.027778549,0.062216707,18.1255739,442,-0.01162817,0.00023408,73,7.334386,3.7609555,10.662385,4.2498607,-3.49403,0.65433686,0.011458635,0.361291858,1
ZNF486,9,2,0,0,102,7,0,0,3,0,9,2,112,106,1392,0.25,0.03125,0,0.65625,0,1,0.0625,0,0.970281953,1.745211414,0.19253125,0,2.333333333,2.666666667,0.777604977,1,0.654450262,0.931910792,18.51935138,904,-0.05680696,0,0,0.24300432,1.3683196,5.395766,1.0465938,-4.445164,1.2069338,0.054151754,17.69473854,0
SF3B1,2,1,0,0,278,14,0,0,4,0,2,1,296,266,3915,0.157894737,0.013157895,0,0.828947368,0.368421053,0.774059585,0,0,0.808808649,0.290216238,0.663868421,0,5.04,5.12,1,0,0,2.40E-09,19.49037203,276,0.02981247,0.000372608,161,0.5696095,0.52604573,2.907712,0.3868442,-3.978,0.4853883,0.006022724,0.099802784,1
NR1I2,1,2,0,0,78,5,0,0,2,0,1,2,85,79,1422,0.222222222,0.037037037,0.037037037,0.703703704,0,1,0,0,0.968842975,1.035967068,0.33637037,0,2.714285714,3,0.433275563,1,0.341180484,0.708066756,18.68853069,474,0.02445995,0.000235093,34,3.938353,2.0822605,6.9525,2.1777319,-4.186739,0.942392,0.168427152,78.05547931,0
CPT1A,3,1,0,0,153,9,0,0,8,0,3,1,170,162,2322,0.301369863,0.068493151,0,0.630136986,0,1,0,0,0.96988066,0.717110218,0.399219178,0,2,2.217391304,0.55463117,1,0.720980534,0.95684437,19.24031107,303,0.04527091,4.08E-05,30,2.4501437,4.7865853,8.450427,5.927666,-6.791168,1.6409382,0.035694923,3.50627484,0
CABP1,1,0,0,0,36,5,0,0,2,0,1,0,43,39,1113,0.333333333,0,0,0.583333333,0,1,0.083333333,0,1,0.435561455,0.395083333,0,1.4,1.6,1,1,0.313577924,0.677236559,20.67855802,311,0.03791854,5.16E-05,8,1.2586207,1.3311685,3.9547693,1.0342059,-6.707273,1.4098155,0.009069664,0.226488275,0
PTEN,237,104,22,1,523,234,0,0,79,2,281,111,810,874,1212,0.016806723,0.196078431,0.042016807,0.490196078,0.24929972,0.722499694,0.221288515,0.033613445,0.449409611,0.29291116,0.931994398,0,25,50.14285714,0,0,0,2.40E-09,17.98636149,300,0.03373138,0.000787944,90,-6.3622944,5.1158316,4.2737395,1.3395063,-17.172089,6.638062,0.022786151,1.428369857,1
ECM1,3,0,1,0,97,11,1,0,2,0,4,0,111,103,1704,0.181818182,0.045454545,0,0.75,0,1,0.022727273,0,0.96355395,1.343872315,0.295909091,0,3.666666667,4,0.786782061,1,0.379362671,0.747064726,20.54772862,163,0.04252749,3.94E-05,15,10.4042664,5.941179,14.991455,7.256504,-2.2105,0.17895359,0.18536247,94.53956045,0
HIST1H2AA,1,2,0,0,51,3,0,0,0,1,1,2,55,57,396,0.230769231,0,0,0.692307692,0.115384615,0.936651039,0.076923077,0,0.944727859,0.738621251,0.431038462,0,2.571428571,2.857142857,1,0.447427293,0.598657718,0.62070399,18.05693084,635,0.02943991,3.14E-06,16,5.4475,2.3184605,9.008395,2.8209483,-2.7934285,0.20314117,0.178557284,87.72877585,0
SMARCA4,15,3,8,1,390,30,0,0,15,0,23,5,434,395,5040,0.157894737,0.114832536,0.023923445,0.66507177,0.181818182,0.916438297,0.009569378,0.028708134,0.827557521,0.368430131,0.686220096,0,4.088235294,5.176470588,0,0,0,2.40E-09,20.92039066,190,0.04046629,0.001194708,199,-1.4360465,1.9892778,4.5533933,1.3308806,-7.2554804,1.9445855,0.010633867,0.311113551,1
AMER1,23,9,0,0,267,65,0,0,2,0,23,9,334,313,3408,0.194244604,0.151079137,0,0.618705036,0,1,0.035971223,0,0.866390046,0.915452855,0.412273381,0,3.071428571,4,0.00846,1,0.799360512,0.978371888,15.8218756,442.7397812,0.002023752,4.10E-06,11,0.23693617,0.53939433,1.4199476,0.30310724,-4.8509024,1.2441335,0.054151754,17.69473854,1
EGFR,3,1,28,6,420,22,0,0,4,0,32,7,445,394,3633,0.16838488,0.006872852,0,0.762886598,0.264604811,0.835486827,0.010309278,0.051546392,0.823704828,0.487657599,0.602776632,0,4.44,4.84,1,0,0,2.40E-09,18.69196531,336,-0.01337574,0.017936716,800,50.147164,108.76333,60.935146,124.08409,-2.5116876,0.66841426,0.020676996,1.176799204,1
SLCO4A1,6,1,0,0,108,5,0,0,1,0,6,1,114,112,2169,0.28,0.02,0,0.66,0.06,0.971436114,0.04,0,0.959213082,0.945035123,0.3767,0,2.2,2.4,0.89206066,0.115863197,0.017775882,0.014798545,20.25832679,192,0.02384944,0,0,5.787699,3.1474542,11.790709,4.1945733,-2.8492857,0.3911066,0.009287203,0.237669882,0
EZH2,6,2,0,0,139,15,0,0,2,0,6,2,156,135,2256,0.181818182,0.090909091,0.036363636,0.636363636,0.109090909,0.913606555,0.054545455,0,0.846751823,0.330855412,0.634090909,0,3.181818182,4.090909091,0.183722212,0.00376,0.33679,0.009714821,19.106156,434,0.01332411,0.001402786,244,2.9217858,2.4275364,6.606256,2.2604857,-5.0928865,1.8708318,0.013349988,0.490404943,1
TMEM138,1,0,0,0,23,3,0,0,0,0,1,0,26,27,489,0.4,0,0,0.6,0,1,0,0,1,0.394143184,0.3224,0,1,1,1,1,0.612369871,0.912687577,20.41103611,286,0.05735575,0,0,0.7630769,0.39029468,2.8358823,0.3374729,-3.1522222,0.26754607,0.054151754,17.69473854,0
TSPAN19,2,0,0,0,46,2,0,0,3,0,2,0,51,50,747,0.066666667,0,0.133333333,0.666666667,0,1,0.133333333,0,0.79523358,0.88069817,0.485,0,5,7,0.347947112,1,0.343170899,0.710201341,14.43439236,974,-0.02736684,0,0,5.6677453,12.250426,10.1020314,19.062698,-1.8005263,0.06930319,0.054151754,17.69473854,0
MEN1,20,8,1,0,80,12,0,0,4,0,21,8,96,117,1848,0.243902439,0.146341463,0.024390244,0.487804878,0,1,0.097560976,0,0.8176554,0.419262368,0.622487805,0,1.818181818,2.818181818,0.010257568,1,0.109721308,0.352184737,21.10902399,230,0.06134729,0.000124354,58,-5.3888448,3.7488997,3.1043477,0.8872656,-15.761063,5.3085316,0.012194357,0.408949505,1
APC,180,89,2,1,478,502,0,0,25,0,182,93,1002,828,8532,0.074561404,0.464912281,0.010964912,0.26754386,0,1,0.177631579,0.004385965,0.38991173,0.520327514,0.802142544,0,3.485714286,12.05714286,0,1,1,1,17.91887954,399,0.0275499,0.001185918,137,-4.0689584,2.6317433,2.8717604,0.5762665,-13.118333,3.8664147,0.076229542,15.98957624,1
CYLD,12,4,1,0,132,18,1,0,7,0,13,4,158,151,2871,0.104166667,0.041666667,0.041666667,0.729166667,0,1,0.083333333,0,0.910473884,0.527286126,0.641354167,0,5.833333333,7.166666667,0.486618005,1,0.019440124,0.096042303,18.09312867,792,0.002405956,0.00032558,45,-3.0766374,2.1549106,3.2332353,0.51185484,-9.313139,3.0043202,0.054151754,17.69473854,1
HLA-DRA,3,0,1,0,62,6,0,0,0,0,4,0,68,69,765,0.086956522,0.086956522,0,0.782608696,0,1,0.043478261,0,0.915852311,0.932891547,0.419086957,0,6,7,0.465116279,1,0.202020202,0.525128803,20.02993288,595,0.01434571,0.000183817,40,3.6315385,3.203577,7.803939,3.608888,-5.7563636,1.0517132,0.105061385,30.37370758,0
PTCH1,28,12,1,0,240,21,0,0,7,0,29,12,268,262,4344,0.239130435,0.057971014,0.014492754,0.615942029,0,1,0.050724638,0.02173913,0.912085797,0.571038931,0.519137681,0,2.5,3.088235294,0.130548303,1,0.049865364,0.199383097,17.51185224,510,0.05274564,0.001124455,88,-1.290912,1.4672236,2.8928852,0.6394674,-7.102646,2.0408705,0.054151754,17.69473854,1
LDHA,5,1,1,0,47,4,0,0,1,0,6,1,52,53,1086,0.142857143,0,0,0.785714286,0,1,0.071428571,0,1,0.442310172,0.658285714,0,3.666666667,4,1,1,0.042290451,0.17606335,19.19438463,176,0.04186996,0.000474083,133,-1.677069,1.2079518,2.6195385,0.35548706,-7.153137,1.7774042,0.014745763,0.598631073,0
NOTCH2,23,15,1,0,305,34,0,0,12,0,24,15,351,315,7416,0.187919463,0.073825503,0.026845638,0.644295302,0.040268456,0.98495661,0.067114094,0,0.881368982,0.55125881,0.536510067,0,3.310344828,4.172413793,0.010153934,0.130497194,0.535038497,0.255672026,18.71313744,510,0.01382872,6.29E-05,34,1.987634,2.601919,5.693496,2.8421963,-5.771021,1.215573,0.011202767,0.34536182,1
KMT2D,215,57,18,2,814,230,0,0,44,0,237,60,1083,988,16614,0.164319249,0.223004695,0.028169014,0.464788732,0,1,0.107981221,0.011737089,0.693632309,0.59960719,0.592575117,0,2.788732394,5.014084507,0,1,0.904977376,0.995335145,20.75586475,214,0.06520138,1.67E-05,26,2.2273049,1.2194372,5.2143402,1.1992367,-4.1724883,0.66273026,0.054151754,17.69473854,1
PINK1,4,1,1,0,67,3,0,0,1,0,5,1,71,73,1746,0.294117647,0,0,0.705882353,0,1,0,0,0.971217583,0.879147201,0.383,0,2,2,1,1,0.319693095,0.684269125,19.26833457,208,0.0352159,0.000199584,56,-1.2184563,2.5725732,4.6354447,1.4728436,-10.1481356,2.961557,0.012007873,0.39677667,0
PHACTR2,11,5,1,0,94,8,0,0,6,1,12,5,109,120,1938,0.142857143,0,0,0.761904762,0,1,0.071428571,0.023809524,0.9525123,0.730535544,0.477357143,0,4.571428571,5.142857143,1,1,0.014711507,0.0767812,18.40431793,363,0.002459581,0,1,-3.2569136,3.6636144,4.213784,1.3227813,-14.895473,5.1155515,0.127288183,44.58301837,0
C9orf40,0,0,0,0,11,3,0,0,0,0,0,0,14,14,585,0,0.5,0,0.5,0,1,0,0,1,1.44499694,0.5605,0,1,2,0.060679612,1,0.476417342,0.82966224,16.54144333,649,-0.01808763,6.30E-06,6,-0.8232142,1.1508632,4.057647,0.34020408,-8.3663635,1.5321264,0.00532296,0.07804647,0
PRR3,3,0,0,0,13,2,0,0,1,0,3,0,16,18,567,0.125,0,0.125,0.5,0,1,0.25,0,0.801879687,0.49744041,0.610125,0,2,3.5,0.486854917,1,0.28604119,0.644055909,20.98855572,271,0.03242649,3.00E-05,16,3.4685366,1.7305264,5.6421876,1.7763125,-4.2600002,0.9084658,0.066363665,12.12017269,0
ARID1B,42,7,2,2,281,61,0,0,3,0,44,9,345,336,6750,0.181818182,0.13986014,0,0.573426573,0,1,0.083916084,0.020979021,0.837131418,0.602768937,0.540608392,0,3.037037037,4.333333333,1.00E-05,1,0.040571243,0.170589734,17.12689097,621,0.02726319,1.74E-05,33,-2.0215444,2.2988783,3.7932906,0.8022843,-10.828479,3.2836176,0.008065973,0.179008689,1
CEBPA,0,0,0,0,12,1,1,0,0,0,0,0,14,14,1077,0.090909091,0.090909091,0,0.090909091,0,1,0.363636364,0.363636364,0.416769528,0.551801272,0.876227273,0,0.666666667,6.666666667,0.00635,1,0.384024578,0.75155481,18.43834191,510,-0.009470627,0.000681788,94,-2.54,0.8247479,2.248889,0.07871161,-4.9344443,1.0422197,0.006301137,0.109580889,1
MSH6,12,8,7,0,193,47,0,0,2,0,19,8,242,196,4083,0.219178082,0.02739726,0,0.698630137,0,1,0.02739726,0.02739726,0.96901676,0.82573989,0.5,0,3,3.352941176,0.945179584,1,0.056430224,0.218653032,18.89718517,587,0.03151994,6.26E-05,64,1.8955663,1.3988401,4.411139,1.5081012,-3.7293166,0.7016754,0.008606832,0.203951279,1
GNAQ,3,1,0,0,96,10,0,0,0,0,3,1,106,105,1080,0.285714286,0,0,0.642857143,0,1,0.071428571,0,1,0.359577204,0.456285714,0,1.8,2,1,1,0.581395349,0.896700169,18.3254482,671,-0.02381614,0.000407001,58,1.1063134,1.4195649,5.3457033,1.4040087,-4.9907867,0.8207589,0.010113957,0.281534425,1
AR,3,2,1,0,170,12,1,0,6,0,4,2,189,174,2763,0.291262136,0.009708738,0,0.67961165,0.145631068,0.916619384,0.009708738,0.009708738,0.933535934,0.520022556,0.465883495,0,2.258064516,2.35483871,0.997008973,0,0.00082,1.61E-07,16.69626801,442.7397812,-0.007090065,0.001675864,226,1.0250259,0.7656019,2.1321587,0.7542754,-3.8869016,0.52747116,0.056647753,8.831550627,1
RABGAP1L,4,2,0,0,145,23,0,0,3,0,4,2,171,149,2448,0.111111111,0.037037037,0.037037037,0.796296296,0,1,0.018518519,0,0.956205855,0.578863521,0.56137037,0,6.142857143,6.857142857,0.789265983,1,0.021007962,0.102158647,17.84306719,938,0.007479761,8.14E-05,12,7.583754,3.0245151,11.064206,3.5544336,-2.2710113,0.2183254,0.007225575,0.143685243,0
PCDHB12,10,1,1,0,313,10,0,0,2,0,13,1,323,292,2388,0.2875,0.025,0,0.675,0.0375,0.984699358,0.0125,0,0.961424397,1.299395713,0.2184625,0,2.25,2.375,0.859106529,0.350385424,0.605115627,0.540884583,19.80430909,724,-0.01088987,0,0,-1.8585129,1.8235635,3.668886,0.8001038,-9.673809,2.2323096,0.096965005,25.86894696,0
PTPN11,0,2,0,0,134,5,0,0,2,0,0,2,141,129,1782,0.25,0.019230769,0,0.711538462,0.192307692,0.878029559,0.019230769,0,0.893699918,0.328208214,0.595557692,0,2.642857143,2.785714286,0.99009901,0,0.02762,4.45E-06,19.42642509,167,0.04306151,0.001336969,109,0.9000733,0.974988,3.777514,0.6725515,-4.7609784,1.0952482,0.007924412,0.172791515,1
VHL,40,21,3,1,92,32,1,0,19,0,47,22,140,206,642,0.039855072,0.155797101,0.072463768,0.434782609,0.307971014,0.790663011,0.278985507,0.014492754,0.46282116,0.622372148,0.867184783,0.003623188,10,22.08333333,0,0,0,2.40E-09,19.65561649,170,0.03929245,0.003782106,296,-18.259494,5.539854,1.3463637,0.31530317,-30.787718,4.8509832,0.172204489,81.58928519,1
SLC2A9,1,0,0,0,105,5,1,0,5,0,1,0,116,103,1623,0.448979592,0,0,0.530612245,0,1,0.020408163,0,0.992730466,0.735761636,0.326632653,0,1.130434783,1.173913043,1,1,0.055475424,0.215900098,17.76663825,916,0.03741961,0,1,-0.8053509,1.400038,3.1733822,0.68438193,-6.6869564,1.8907914,0.17429555,83.58840672,0
KCTD11,1,1,0,0,42,1,0,0,0,0,1,1,43,42,699,0.111111111,0,0,0.888888889,0,1,0,0,1,0.937426826,0.393666667,0,4,4,1,1,0.357781753,0.725521326,20.86645112,206,0.03594318,2.08E-07,4,-1.0198889,1.3261511,2.8663158,0.3654775,-7.732424,2.3150954,0.054151754,17.69473854,0
ACVR1B,8,5,0,0,127,23,1,0,3,0,8,5,154,141,1641,0.134328358,0.119402985,0.029850746,0.686567164,0,1,0.029850746,0,0.87446841,0.469424591,0.667865672,0,4.6,5.8,0.00859,1,0.00041,0.003607735,18.91200194,371,0.02732437,0.000429588,36,1.2487909,1.934117,5.1296428,1.7414628,-5.666182,1.5431411,0.010959153,0.33051099,1
JAK3,9,3,0,0,173,7,0,0,3,0,9,3,183,182,3375,0.313953488,0.046511628,0,0.627906977,0,1,0.011627907,0,0.964517634,0.89590097,0.338697674,0,1.928571429,2.107142857,0.615763547,1,0.456412597,0.814403496,20.21414359,212,0.03707445,9.79E-05,48,2.4155242,2.1570163,6.991239,3.1158186,-3.3504046,0.36014682,0.054151754,17.69473854,1
VDAC2,2,0,1,0,33,2,0,0,1,1,3,0,37,39,930,0,0,0.2,0.8,0,1,0,0,1,0.495670061,0.597,0,4,5,0.233972859,1,0.615763547,0.914342513,17.67098328,275,0.03833452,0.000448968,109,-2.9394938,3.2085124,3.0616982,0.96782185,-15.172693,5.6776147,0.005741592,0.090722382,0
SMO,12,0,1,0,129,9,0,0,0,0,13,0,138,131,2364,0.177777778,0.022222222,0.022222222,0.777777778,0.088888889,0.955437938,0,0,0.951443227,0.508513965,0.581133333,0,3.888888889,4.111111111,0.742390497,0.00904,0.00077,8.96E-05,19.62965135,420,0.05388738,3.31E-06,4,6.1990168,2.7951594,9.7204566,3.0806195,-3.9482895,0.59718783,0.024062423,1.594160985,1
FGFR2,8,5,2,3,252,9,0,0,3,1,10,9,264,237,2469,0.131868132,0.021978022,0,0.813186813,0.318681319,0.804008825,0.021978022,0.010989011,0.827665904,0.443792731,0.606978022,0,5.692307692,6.076923077,0.981354269,0,0,2.40E-09,17.63962051,386,-0.008783812,6.55E-05,21,-0.70027523,2.531092,5.7145033,1.47455335,-8.672552,2.7039606,0.018598683,0.952115646,1
CSF1R,8,2,0,0,154,14,0,0,6,0,8,2,174,161,2919,0.292307692,0.030769231,0,0.6,0,1,0.061538462,0.015384615,0.955269893,1.234490591,0.291692308,0,1.95,2.3,0.772200772,1,0.936329588,0.997928596,20.10519366,228,0.04952843,7.35E-06,17,-1.5931437,2.1967223,4.2610046,0.9418035,-11.168857,2.782805,0.161781408,72.01301443,1
TEDDM1,0,0,0,0,37,3,0,0,0,0,0,0,40,40,822,0.333333333,0,0,0.666666667,0,1,0,0,1,1.246360477,0.161,0,1.6,1.6,1,1,0.673400673,0.939673247,18.41624706,783,0.00519065,0,0,7.386164,1.9491894,9.0008065,2.110207,-1.7145455,0.08921068,0.054151754,17.69473854,0
TSC1,31,1,3,0,149,29,0,0,14,0,36,1,190,198,3495,0.267857143,0.125,0.071428571,0.464285714,0,1,0.071428571,0,0.807499776,0.77845914,0.461625,0,1.625,2.5625,0.00034,1,0.958772771,0.999138232,20.87237053,461,0.03330065,9.04E-05,40,-5.5199552,3.026595,2.1997392,0.45205913,-13.74,4.4665042,0.070951629,13.85081682,1
HIST1H3B,5,1,1,0,79,6,0,0,0,0,6,1,85,89,411,0.2,0.025,0,0.75,0.2,0.888833008,0.025,0,0.876151427,0.269908748,0.6791,0,3.333333333,3.555555556,0.549450549,0.08178,0.0086,0.005809124,18.64145628,685,0.04269074,4.25E-06,21,5.4833334,1.709097,7.9829924,1.945923,-2.4806976,0.12975221,0.007066637,0.137487813,1
SATL1,5,0,0,1,132,20,1,0,2,0,6,1,154,135,1899,0.23255814,0.046511628,0,0.674418605,0,1,0.046511628,0,0.948570558,1.700550359,0.198534884,0,2.636363636,3,0.920810313,1,0.237135404,0.57840265,16.33649993,442.7397812,-0.01587406,0,0,1.3064873,0.6254359,2.3507787,0.69528176,-2.2325,0.23070883,0.054151754,17.69473854,0
MISP,0,0,0,0,142,4,0,0,0,1,0,0,147,133,2040,0.285714286,0.023809524,0,0.69047619,0,1,0,0,0.991169094,1.712218523,0.145571429,0,2.230769231,2.307692308,0.866551127,1,0.84317032,0.987003626,20.86866433,200,0.02321577,7.30E-07,8,-0.6060283,1.6453855,4.292027,1.4782806,-6.0158208,1.2806259,0.054151754,17.69473854,0
EFEMP2,3,0,2,0,76,4,0,0,0,0,5,0,80,81,1332,0.289473684,0.026315789,0.026315789,0.657894737,0,1,0,0,0.959883913,0.742354442,0.409894737,0,2.083333333,2.25,0.713266762,1,0.448833034,0.808395118,21.84960516,287,0.04185112,0.000304657,51,1.6795857,0.63156984,3.7713513,0.7813234,-2.3236208,0.10537708,0.048325891,6.426476929,0
NPM1,0,8,2,0,34,1,0,0,3,0,3,8,37,45,885,0.093023256,0,0,0.11627907,0,1,0.790697674,0,0.25867144,1.346592464,0.82572093,0,1,7.8,1,1,0.953288847,0.998891639,18.19863592,347,0.03023782,0.005516645,451,-2.2872917,1.1802452,1.9012282,0.38808223,-8.408974,1.730935,0.007722511,0.164179833,1
CDH1,47,37,8,0,163,40,0,0,27,0,58,38,226,307,2649,0.084507042,0.105633803,0.070422535,0.5,0.049295775,0.970788018,0.211267606,0.028169014,0.660453201,0.856422295,0.668570423,0,5.461538462,10,0,0.132341217,0.053149083,0.041900616,19.81768243,240,0.03016505,0.000395585,86,-9.376995,4.210923,2.677686,0.63158935,-16.725188,4.970527,0.035583267,3.483937632,1
ERBB2,6,1,1,5,297,5,0,0,5,0,7,6,307,276,3768,0.148148148,0.014814815,0.007407407,0.77037037,0.296296296,0.844664784,0.022222222,0.037037037,0.852032111,0.612765014,0.520533333,0,4.952380952,5.476190476,0.992063492,0,0,2.40E-09,20.29332795,226,0.03763767,0.000661984,122,11.68115,25.435725,21.417336,36.618385,-5.3144738,1.42718125,0.015722281,0.680416264,1
HDGFRP2,4,1,0,0,79,4,0,0,1,0,4,1,84,80,2016,0.192307692,0,0,0.692307692,0,1,0.038461538,0.076923077,0.983634919,0.787293722,0.375,0,3,3.5,1,1,0.00712,0.042327315,20.99839967,278,0.03988271,3.07E-05,23,-0.59924414,0.8423559,4.1824657,0.60580396,-4.1251514,0.7288368,0.054151754,17.69473854,0
CTU1,0,0,0,0,9,1,0,0,0,0,0,0,10,10,1047,0.5,0,0,0.5,0,1,0,0,1,0.663119466,0.2425,0,0.666666667,0.666666667,1,1,0.495785821,0.843634734,18.43799503,632,0.001145436,2.47E-05,18,1.4100001,0.9408717,7.249,1.0096344,-3.8981818,0.32218855,0.054151754,17.69473854,0
GPR171,6,1,0,0,55,6,0,0,0,0,6,1,61,64,960,0.1875,0.0625,0,0.75,0,1,0,0,1,0.660149965,0.456625,0,3,3.25,0.700770848,1,0.116550117,0.36706689,19.31298702,442.7397812,0.020143467,0,0,3.939037,3.6209453,8.2105264,3.285661,-6.20575,3.0219115,0.167045097,76.78105711,0
LPHN3,15,4,1,0,460,35,0,0,20,2,16,4,517,433,4410,0.251141553,0.0456621,0.00456621,0.675799087,0.02739726,0.991087364,0.02283105,0,0.948604636,0.484865446,0.50356621,0,2.642857143,2.928571429,0.909918107,0.986815552,0.134535181,0.400833469,13.44737127,1494,-0.01758068,0,1,-1.177075,1.9289525,4.1302856,1.5836675,-8.072009,1.5387872,0.054151754,17.69473854,0
STK11,27,11,0,1,75,40,0,0,13,1,28,15,125,153,1302,0.090909091,0.257575758,0.151515152,0.318181818,0,1,0.181818182,0,0.468250871,0.3903664,0.844787879,0,3,8.571428571,0,1,0.801282051,0.978799896,21.07860234,234,0.02882151,0.000235891,41,-8.989114,3.167491,1.5655555,0.19022101,-17.186396,3.9475624,0.105031761,30.35236788,1
CD97,4,3,3,0,122,5,0,0,6,0,7,3,133,130,2508,0.390243902,0,0.048780488,0.512195122,0,1,0.048780488,0,0.963580017,1.418554444,0.224536585,0,1.235294118,1.470588235,0.632111252,1,0.958772771,0.999138232,19.92663941,183,0.03185942,1.99E-06,4,-0.2431086,1.265977,4.441232,1.0059097,-5.2542634,1.0645688,0.017723807,0.864505027,0
MTSS1,11,2,2,0,123,12,0,0,3,0,13,3,137,136,2268,0.218181818,0.054545455,0.018181818,0.672727273,0.054545455,0.975331294,0.036363636,0,0.923689979,0.720257796,0.418218182,0,2.846153846,3.307692308,0.387146729,0.267165375,0.834891798,0.557711418,18.87640903,561,0.03893808,5.59E-07,7,9.5559865,4.8112586,13.169181,5.6862082,-2.0865278,0.23119152,0.153231408,64.6045994,0
MLH1,10,5,3,0,105,28,1,0,11,0,13,5,145,144,2271,0.191489362,0.170212766,0.021276596,0.617021277,0,1,0,0,0.89071974,0.725187725,0.643,0,2.9,3.8,0.019788266,1,0.841750842,0.986760287,18.5833748,473,0.02126238,0.00105292,125,-2.6535144,2.1439625,2.9456545,0.5569052,-11.419426,3.3841174,0.038099956,3.995210212,1
KRAS,0,1,0,2,799,3,0,0,0,0,0,3,802,788,570,0.012396694,0,0,0.98553719,0.921487603,0.193866702,0,0.002066116,0.200363726,0.25815721,0.916252066,0,68.14285714,68.28571429,1,0,0,2.40E-09,17.98367001,512,0.0163318,0.000268849,37,6.774617,5.1336527,11.021982,6.01094,-4.7583014,0.9359552,0.013442855,0.49707392,1
SMAD4,22,12,7,0,212,47,0,0,4,1,30,13,262,276,1659,0.033333333,0.2,0.013333333,0.613333333,0.24,0.806187065,0.126666667,0.013333333,0.611173025,0.295741002,0.91344,0,15.33333333,24.16666667,0,0,1.00E-05,2.40E-09,17.25196313,422,0.04070356,0.003260252,198,-14.746757,7.375736,2.4810763,0.6206392,-25.074193,8.584326,0.013132827,0.474519389,1
CARD11,22,2,3,0,336,17,0,0,9,0,26,2,360,332,3465,0.275641026,0.012820513,0.012820513,0.692307692,0.025641026,0.989034003,0.006410256,0,0.968667903,0.706444263,0.35874359,0,2.454545455,2.568181818,0.979431929,0.942307692,0.198255353,0.500226923,19.27730511,558,0.02412943,1.30E-05,21,6.3617125,3.7278187,10.56627,3.830689,-5.0771568,1.6671978,0.106196731,31.02768998,1
PBRM1,97,26,2,2,221,100,0,0,33,0,106,28,347,420,4749,0.06870229,0.244274809,0.06870229,0.316793893,0.026717557,0.975894527,0.290076336,0.011450382,0.439599331,0.433303894,0.821637405,0,4.368421053,12.84210526,0,0.136630687,1,0.408590478,20.2157285,231,0.04747089,0.000159595,36,-9.4324045,4.2033583,2.2960594,0.46643764,-21.16087,5.192225,0.054151754,17.69473854,1
TBX20,1,0,0,0,127,9,0,0,5,0,1,0,141,125,1344,0.260869565,0.086956522,0,0.652173913,0,1,0,0,0.98077698,0.391216407,0.559913043,0,2.142857143,2.428571429,0.470809793,1,0.29385836,0.653734174,17.23277223,926,0.005040349,9.49E-06,7,8.773768,4.6592023,12.0358035,4.849316,-5.278077,1.4386519,0.055164065,8.375093049,0
SLC25A39,2,0,0,0,52,4,0,0,3,0,2,0,59,57,1080,0.238095238,0,0.047619048,0.666666667,0,1,0.047619048,0,0.978317119,0.71150414,0.499047619,0,2.333333333,2.666666667,0.798722045,1,0.053547523,0.21029107,19.98272068,172,0.03888995,6.63E-08,3,-0.20269563,1.9075293,4.571831,0.9974099,-7.907046,2.4497053,0.054151754,17.69473854,0
ABL1,12,2,1,0,149,16,0,0,3,0,14,2,167,158,3450,0.236842105,0.039473684,0.013157895,0.644736842,0,1,0.026315789,0.039473684,0.944687632,0.506972209,0.502907895,0,2.578947368,3.052631579,0.4100041,1,0.015713388,0.080974893,18.94736783,211,0.02867805,0.001863735,180,0.14598885,2.404377,5.5375326,1.4099846,-9.5840625,2.7412534,0.014001363,0.539503705,1
SSPN,1,0,0,0,23,1,0,0,0,0,1,0,24,25,732,0.333333333,0.166666667,0,0.5,0,1,0,0,0.953509509,1.266074109,0.350916667,0,1.2,1.6,0.077549438,1,0.84317032,0.987003626,17.26121345,383,0.0253118,0,1,8.65375,7.051758,12.335833,8.88101,-2.3925,0.09764802,0.01353783,0.504600862,0
ZBTB40,4,7,0,0,162,15,0,0,2,0,4,7,179,161,3720,0.315789474,0.070175439,0,0.561403509,0,1,0.01754386,0.035087719,0.95906564,0.840347692,0.337912281,0,1.684210526,2.052631579,0.568828214,1,0.663570007,0.935713948,18.74947731,555,0.0279657,7.20E-07,2,0.23533334,1.2989978,3.5818182,0.7774923,-6.6277966,1.6776247,0.100526801,27.80450746,0
GNAS,3,4,0,0,258,11,1,0,1,0,3,4,271,247,3114,0.211111111,0.044444444,0.011111111,0.677777778,0.066666667,0.957128668,0.044444444,0.011111111,0.917778827,1.014845952,0.389788889,0,3.05,3.55,0.134246208,0.00483,0.02753,0.001319778,19.96795093,416,0.01090913,0.000543496,61,7.220477,3.6497086,11.6455555,4.3640263,-2.7955689,0.5942761,0.102707332,29.02233058,1
DNASE1L1,0,1,1,0,42,6,0,0,6,0,1,1,54,47,909,0.157894737,0,0.052631579,0.684210526,0,1,0.052631579,0.052631579,0.925660343,1.23856141,0.343789474,0,3.25,4,0.598802395,1,0.508388409,0.852318017,21.11912984,442.7397812,0.03966998,5.43E-07,4,1.42707545,0.7912697,2.5932468,0.9601267,-1.6693104,0.22450434,0.048037114,6.352734544,0
GRIPAP1,6,0,0,1,128,7,0,0,7,0,6,1,142,127,2526,0.348837209,0,0.046511628,0.581395349,0,1,0.023255814,0,0.979621566,0.77514394,0.316883721,0,1.5625,1.75,0.881834215,1,0.750750751,0.965977156,19.67070897,442.7397812,0.04099796,1.80E-05,12,0.4446713,0.37557806,1.2424152,0.29421789,-3.1075472,0.59299436,0.054151754,17.69473854,0
ATM,69,20,8,0,534,107,1,0,36,0,80,20,675,566,9171,0.086805556,0.121527778,0.055555556,0.645833333,0.069444444,0.971475098,0.079861111,0.010416667,0.772299941,0.612587448,0.688010417,0,7.153846154,10.11538462,0,0.00059,0,1.18E-07,18.66565965,582,0.01619721,0.001447922,135,-2.3749188,2.0080172,3.0070731,0.68944143,-9.0819605,2.8427267,0.009030641,0.224346024,1
NDUFB8,0,0,0,1,28,1,0,0,1,0,0,1,30,31,561,0,0,0,1,0,1,0,0,0.75,1.058938673,0.3675,0,4,4,1,1,0.58719906,0.899818791,20.13715752,264,0.05032444,4.92E-05,41,-0.6727419,2.5917867,5.2623685,1.594375,-10.07,2.8055381,0.009561316,0.25157128,0
GRAMD2,1,2,0,0,60,3,1,0,0,0,1,2,64,56,1065,0.363636364,0,0,0.636363636,0,1,0,0,1,1.044587008,0.194090909,0,1.555555556,1.555555556,1,1,0.670690812,0.938596268,20.11054703,352,0.02573422,0,0,-1.4064179,1.5563099,2.789759,0.46730475,-8.23549,2.6054237,0.054151754,17.69473854,0
SETBP1,21,7,1,0,364,20,0,0,3,0,22,7,387,348,4791,0.217647059,0.052941176,0.011764706,0.694117647,0.023529412,0.990149626,0.017647059,0.005882353,0.944980022,0.636445724,0.4599,0,3.105263158,3.5,0.169290672,0.661460161,0.087750088,0.223267063,13.87526172,678,0.03085403,0.00040884,15,-2.1349689,2.2122163,4.10396,0.9806902,-8.26633,2.667579,0.205474036,116.149834,1
RB1,89,35,6,0,158,161,0,0,72,0,103,35,383,453,2787,0.060773481,0.337016575,0.160220994,0.226519337,0,1,0.209944751,0.005524862,0.335529624,0.521110773,0.870104972,0,3.416666667,14.16666667,0,1,1,1,18.41670724,450,0.04105748,0.001789353,211,-9.24508,6.582893,4.437992,1.8719042,-22.18566,7.598587,0.129291371,45.98522292,1
SPOP,3,2,1,0,161,6,0,0,3,0,4,3,169,166,1125,0.038961039,0.051948052,0.025974026,0.844155844,0.402597403,0.756392338,0.012987013,0.025974026,0.736784555,0.28280762,0.791818182,0,16.25,18.5,0.42158516,0,1.00E-05,2.40E-09,19.84831989,348,0.02784885,0.000142404,33,1.4607649,1.5907824,4.161681,1.7554624,-3.7178513,0.8755791,0.012247299,0.412861046,1
C21orf58,4,0,0,0,37,0,0,0,1,0,4,0,38,41,969,0.2,0,0,0.666666667,0,1,0.066666667,0.066666667,1,1.16566267,0.3616,0,2.5,3,1,1,0.02078138,0.101282167,19.31298702,442.7397812,0.020143467,7.75E-07,3,1.351718723,2.259599723,5.608432309,2.003830228,-6.0735363,1.59042228,0.008414629,0.194896423,0
GRP,1,0,1,0,26,3,0,0,0,0,2,0,29,27,447,0.111111111,0.111111111,0,0.777777778,0,1,0,0,1,1.468702745,0.270777778,0,3.5,4,0.440140845,1,0.327653997,0.693249382,18.0990935,512,0.05342883,0,0,-5.274035,3.067268,4.5928,0.6861636,-12.9825,3.6111593,0.04650682,5.95211974,0
TET2,14,6,1,1,223,41,0,0,4,0,15,7,268,227,6009,0.166666667,0.15,0.025,0.483333333,0,1,0.158333333,0.016666667,0.740745467,1.094918716,0.499175,0,2.761904762,4.761904762,0,1,0.993048659,0.999975783,17.52362244,632,0.02428938,1.10E-06,6,-1.664841,1.6297145,3.274866,0.8485192,-8.828485,1.900421,0.054151754,17.69473854,1
6-Mar,4,2,1,0,137,10,0,0,6,0,5,2,153,144,2733,0.236842105,0.052631579,0.065789474,0.605263158,0,1,0.026315789,0.013157895,0.919860273,0.465675705,0.560578947,0,2.421052632,3.052631579,0.110668437,1,0.782472613,0.974410294,16.97415464,725,0.03434376,7.44E-05,15,6.940157,5.962547,13.137902,7.8302845,-4.204912,0.69349376,0.054151754,17.69473854,0
MAP3K1,59,40,7,0,207,63,0,0,12,0,69,43,276,297,4539,0.08125,0.125,0.0125,0.35,0.04375,0.960779761,0.4,0.03125,0.504038341,0.369151119,0.8299625,0,4,10.5,0,0.00021,0.00569,1.75E-05,17.613929,412,0.03759262,0.000880198,126,-0.56767194,1.6622014,3.7539653,0.7360439,-7.4349314,2.3704797,0.054151754,17.69473854,1
STOML1,4,0,0,0,56,4,0,0,0,0,4,0,60,59,1197,0.315789474,0.052631579,0,0.631578947,0,1,0,0,0.975220114,0.862932707,0.313842105,0,1.714285714,1.857142857,0.588235294,1,0.574712644,0.893037421,18.36565903,439,0.03420943,0.000115363,8,-0.3579365,1.8560778,4.2574666,1.1181576,-7.145294,2.1958964,0.006913984,0.131545635,0
COX6B2,1,2,0,0,5,0,0,0,0,0,1,2,5,8,267,0.2,0,0,0.6,0,1,0.2,0,1,1.139691801,0.4028,0,1.5,2,1,1,0.61462815,0.913790921,19.97254234,209,0.01939455,0,1,-0.4264286,0.18648102,2.52,0.1974248,-2.6362501,0.075082557,0.054151754,17.69473854,0
MSH2,20,6,2,0,112,33,1,0,8,0,23,6,153,147,2805,0.266666667,0.111111111,0.022222222,0.511111111,0,1,0.066666667,0,0.869258589,0.672410916,0.621488889,0.022222222,1.769230769,2.538461538,0.058750955,1,0.92506938,0.997119832,19.59696516,406,0.02839946,0.000185035,113,0.52512744,1.0762489,3.4072034,0.57393597,-5.2882906,1.5932804,0.008932169,0.219559163,1
GATA2,6,4,1,0,79,1,0,0,3,0,7,4,83,90,1443,0.222222222,0.027777778,0,0.666666667,0,1,0.083333333,0,0.946270443,0.559201352,0.489555556,0,2.666666667,3.111111111,0.750750751,1,0.066849388,0.247697916,19.83888629,274,0.05183038,0.000103943,31,2.3898395,1.2267818,5.50093,1.158601,-4.529655,0.6951695,0.070245201,13.57967867,1
MYH1,14,2,1,0,599,55,0,0,15,0,15,2,669,515,5820,0.294117647,0.039215686,0.019607843,0.642156863,0,1,0.004901961,0,0.953931205,0.439186674,0.475632353,0,2.147540984,2.360655738,0.825082508,1,0.539956803,0.872713896,16.2229277,723,-0.04960881,2.92E-05,10,-4.226048,4.1931354,4.4893343,2.6782129,-13.491169,4.1417405,0.194135334,103.6811967,0
SRSF2,4,2,6,1,41,1,0,0,0,2,10,3,44,54,666,0.259259259,0.074074074,0,0.555555556,0.111111111,0.918863226,0,0.111111111,0.894768901,0.618351244,0.384703704,0,1.875,2.5,0.247096615,0.407166124,0.983306189,0.766854206,19.65802926,206,0.02197633,0.000261907,89,2.1142736,3.6047246,8.554143,2.9647164,-7.477021,3.0720785,0.054151754,17.69473854,1
FAM78B,0,1,0,0,73,3,0,0,0,0,0,1,76,73,786,0.342857143,0.028571429,0,0.628571429,0,1,0,0,0.977718969,0.485615895,0.452,0,1.692307692,1.769230769,0.803212851,1,0.550055006,0.878843232,18.28993107,733,-0.01151991,0,0,6.867881,2.8965445,10.7513085,3.5394322,-2.5759092,0.091248803,0.054151754,17.69473854,0
HIST1H1E,5,2,12,0,76,8,1,0,0,0,17,2,85,91,660,0.253731343,0.014925373,0,0.701492537,0.044776119,0.982263058,0,0.014925373,0.959524122,0.614058138,0.463776119,0.014925373,2.611111111,2.777777778,0.667111408,0.879373613,0.021334699,0.093354948,18.60535364,636,0.05318751,1.19E-05,26,4.092823,2.3091462,7.083087,2.3748703,-6.2140428,0.7289997,0.007767674,0.16604452,0
ATOH7,0,0,0,0,14,0,0,0,0,0,0,0,14,13,459,1,0,0,0,0,1,0,0,1,5,0,0,0,0,1,1,1,1,18.80933951,251,0.01672253,0,0,-1.022069,0.9091979,1.39,0.075621123,-4.439167,1.9870311,0.008089697,0.180129007,0
NARFL,6,1,0,0,56,6,0,0,3,0,6,1,65,67,1431,0.363636364,0.090909091,0,0.545454545,0,1,0,0,0.979614198,1.053840714,0.344227273,0,1.333333333,1.555555556,0.222271616,1,0.573394495,0.892305806,20.2039382,194,0.03298207,1.07E-05,7,0.6806767,0.9902322,4.8749253,1.186999,-3.5771213,0.440265,0.007337835,0.148163151,0
RET,8,2,2,0,237,15,0,0,3,0,10,2,255,236,3345,0.254901961,0.029411765,0.009803922,0.696078431,0,1,0,0.009803922,0.973552257,0.955041487,0.396490196,0,2.62962963,2.814814815,0.708717222,1,0.176366843,0.48239667,18.79254916,563,-0.01916108,0.000140308,30,-1.6305586,1.942527,4.185612,0.7927383,-8.667407,2.4344683,0.016343938,0.736127261,1
DNASE2B,3,1,0,0,55,7,0,0,1,2,3,1,65,66,1086,0.222222222,0.037037037,0,0.62962963,0.111111111,0.931571423,0.111111111,0,0.900648913,1.155210919,0.376444444,0,2.428571429,3,0.904977376,0.031421838,0.653762765,0.10035516,17.84792903,769,-0.01269815,0.000180216,31,-0.8593182,1.0172102,2.8295238,0.57462,-7.3147915,1.1516515,0.177219777,86.41880684,0
ABHD17A,1,0,0,0,45,2,0,0,3,0,1,0,50,43,1086,0,0,0,1,0,1,0,0,1,0.408525647,0.535,0,1,1,1,1,0.195618153,0.514786916,21.08666689,214,0.02595889,6.23E-06,5,-1.0877,0.5841062,1.8441666,0.18383914,-3.7940387,0.808852,0.054151754,17.69473854,0
H3F3A,0,0,0,0,36,2,0,0,0,0,0,0,38,38,411,0,0,0,1,0,1,0,0,1,0.3750334,0.4835,0,2,2,1,1,0.451875282,0.810821989,19.72561389,237,0.02296758,0.000236622,85,8.077945,3.4504086,12.0778844,4.266311,-1.8266667,0.096327334,0.014454287,0.5749132,1
ROBO3,7,5,1,0,235,13,0,0,6,0,8,5,254,224,4161,0.342857143,0.042857143,0,0.6,0,1,0.014285714,0,0.972031219,0.920443345,0.283728571,0,1.68,1.84,0.836820084,1,0.735294118,0.961385809,17.42400386,743,0.01384725,1.47E-05,7,-1.872196,2.0664785,3.480339,0.7014995,-9.216372,3.0145604,0.054151754,17.69473854,0
KLF4,2,2,0,1,61,1,0,0,3,0,2,3,65,65,1440,0.068965517,0.034482759,0,0.862068966,0.206896552,0.918087257,0.034482759,0,0.904105366,0.490859899,0.56162069,0,8.333333333,9,0.696864111,0.00253,0,4.68E-07,17.96541342,434,-0.01439999,4.44E-05,22,1.8305633,0.9928924,4.317889,1.3278811,-2.4744231,0.12963112,0.009143673,0.230551618,1
MYD88,1,1,0,0,45,2,0,0,0,0,1,1,47,47,954,0.2,0.028571429,0,0.771428571,0.485714286,0.547772481,0,0,0.665462259,0.560986761,0.610971429,0,3.375,3.5,0.798722045,0,0.00041,8.33E-08,18.20484525,411,0.03160935,0.000383349,57,0.50374996,1.7108621,4.106818,1.0707043,-7.423,2.2592384,0.021797612,1.307927358,1
PRAME,2,0,0,0,101,12,0,0,0,0,2,0,113,107,1530,0.314814815,0.055555556,0,0.62962963,0,1,0,0,0.978263605,1.273792666,0.255203704,0,1.888888889,2.055555556,0.459981601,1,0.747384155,0.965004456,17.5418075,641,0.02252226,7.99E-05,41,1.0736449,2.1129776,7.148584,1.8300477,-5.7230692,1.5673906,0.054151754,17.69473854,0
UBXN4,5,1,2,0,76,11,0,0,3,0,7,1,89,93,1527,0.212121212,0.03030303,0,0.727272727,0,1,0,0.03030303,0.987985463,0.629585475,0.428090909,0,3,3.25,0.903342367,1,0.118427286,0.371086704,18.9649731,403,0.02485045,3.35E-05,19,2.1772776,0.8221907,4.9257576,0.7990283,-3.9718643,0.3321207,0.054151754,17.69473854,0
HS1BP3,1,0,0,0,56,2,0,0,3,0,1,0,60,59,1179,0.3,0.1,0.05,0.55,0,1,0,0,0.944991131,1.023568992,0.3033,0,1.571428571,2,0.081685999,1,0.591366056,0.902022513,19.14610946,278,0.02825265,4.08E-06,5,1.1958871,0.9788724,4.5750633,0.8707416,-4.7364444,0.6278619,0.00975448,0.261830359,0
STAG2,32,10,2,0,214,73,0,0,21,0,35,13,304,285,3807,0.172413793,0.2,0.068965517,0.455172414,0.020689655,0.988080898,0.096551724,0.006896552,0.696149576,0.403221931,0.683862069,0,2.538461538,4.615384615,0,0.899280576,0.993705036,0.994129556,18.36790953,442.7397812,0.007054012,5.14E-05,37,0.46400293,0.56367028,1.6418181,0.38468547,-3.7097316,0.97994115,0.069248708,13.1976358,1
KCNN4,2,0,1,0,69,2,0,0,1,0,3,0,72,73,1284,0.230769231,0,0,0.730769231,0,1,0.038461538,0,1,0.747615059,0.406461538,0,2.714285714,2.857142857,1,1,0.021220609,0.102979001,18.78753531,192,-0.001834791,0.000105779,5,2.1793878,1.7762195,6.595294,1.8951347,-3.8746774,0.9973357,0.087054546,20.85365703,0
HRAS,1,0,0,1,136,2,0,0,0,0,1,1,138,136,570,0.019607843,0.019607843,0,0.941176471,0.823529412,0.393661784,0.019607843,0,0.42430111,0.323769539,0.831764706,0,24,25,0.937207123,0,0,2.40E-09,20.90977885,236,0.0415969,0.000264187,65,2.5346182,2.7933588,6.8175845,2.9803604,-5.3248454,1.5134016,0.054151754,17.69473854,1
KDM6A,51,27,2,1,195,67,0,0,46,0,62,29,298,344,4206,0.098484848,0.287878788,0.090909091,0.333333333,0,1,0.174242424,0.007575758,0.503689225,0.411801244,0.80844697,0.007575758,3.142857143,8.5,0,1,1,1,15.85671731,442.7397812,0.03567596,0.000118777,23,0.23105263,0.9064953,2.073888,0.50708996,-6.116491,1.770354,0.054151754,17.69473854,1
DAXX,5,6,1,0,131,8,0,0,1,0,7,6,139,129,2259,0.2,0.088888889,0,0.622222222,0,1,0.044444444,0.044444444,0.92105569,0.889811535,0.4212,0,2.8,3.6,0.161498708,1,0.149432158,0.433489657,20.47452291,262,0.03001948,0.000794014,117,1.5661938,1.8622592,5.032549,1.3326909,-6.753059,2.1720726,0.009520378,0.249478808,1
MDFIC,2,1,1,0,47,6,0,0,0,0,3,1,53,56,1068,0.071428571,0.071428571,0,0.714285714,0,1,0.142857143,0,0.87327371,0.72859746,0.595571429,0,5,6.5,0.476871722,1,0.00173,0.012732167,15.22688704,520,0.01510076,8.77E-07,8,4.7142476,2.024155,6.921977,2.4300653,-2.3177778,0.10025995,0.054151754,17.69473854,0
ARID1A,285,89,4,1,302,311,0,0,31,0,293,94,636,819,6858,0.064599483,0.379844961,0.015503876,0.279069767,0.007751938,0.99348224,0.245478036,0.015503876,0.39793488,0.413481294,0.833803618,0,4.153846154,13.92307692,0,0.968992248,1,0.999514212,19.89647003,182,0.02749164,0.000107153,52,-2.2876045,1.54522285,2.4957253,0.49533914,-7.626188,2.1778125,0.01653848,0.752399317,1
FAM186A,16,7,1,0,140,21,0,0,0,0,17,8,160,117,7056,0.19047619,0,0,0.714285714,0,1,0.047619048,0.047619048,1,1.544368595,0.184333333,0,3,3.4,1,1,0.829187396,0.98450174,19.31298702,442.7397812,0.020143467,0,0,1.437989,0.62550385,3.03436,0.7374266,-2.0938054,0.1995271,0.054151754,17.69473854,0
BCL2,1,0,1,0,28,1,0,0,0,0,2,0,29,30,720,0.535714286,0,0,0.44047619,0.035714286,0.975331294,0.011904762,0.011904762,0.972521167,1.021931716,0.145547619,0,0.804347826,0.847826087,1,0.850340136,1,0.988196301,17.66008297,522,0.06028997,0.000752638,96,0.17749997,1.9735286,5.380769,1.3493296,-9.485714,1.7497739,0.057217494,9.008653689,1
BRAF,7,1,6,0,805,17,0,0,7,0,13,1,829,770,2301,0.027586207,0.004597701,0.004597701,0.96091954,0.829885057,0.175465333,0,0.002298851,0.195873132,0.268723872,0.911942529,0,32.15384615,32.53846154,1,0,0,2.40E-09,18.21935147,616,0.02459647,4.78E-05,42,8.750125,4.5078207,11.1328624,5.119823,-2.0468976,0.31465988,0.016609811,0.758869122,1
DEFB112,1,2,0,0,49,10,0,0,0,1,1,2,60,63,342,0.178571429,0.071428571,0,0.714285714,0,1,0.035714286,0,0.949817314,2.075222834,0.227035714,0,3.333333333,3.833333333,0.803858521,1,0.525210084,0.863422761,15.99482078,1242,-0.003058263,0,0,5.7739202,2.5098171,9.159555,3.0094624,-2.932,0.19209769,0.054151754,17.69473854,0
LCE2B,4,0,0,0,56,1,1,0,0,0,4,0,58,60,333,0.25,0,0,0.75,0.1875,0.889471473,0,0,0.925704883,0.948919442,0.1729375,0,2.4,2.4,1,0.035482383,0.505304616,0.090029185,17.36800847,818,0.0241362,0,0,8.53208,4.0809847,13.188203,4.845376,-2.9788889,0.36152632,0.14416835,57.19274632,0
WFIKKN2,10,1,0,0,126,6,0,0,0,0,10,1,132,136,1731,0.19047619,0.047619048,0,0.761904762,0,1,0,0,0.982338188,0.974693394,0.367809524,0,3.555555556,3.777777778,0.372856078,1,0.4048583,0.770938523,20.13627398,161,0.01499305,0,0,3.933965,2.0876396,8.103511,2.1697802,-4.1472163,0.9490667,0.083008071,18.96037253,0
BLVRA,0,1,0,0,49,8,0,0,2,0,0,1,59,57,891,0.15,0.05,0,0.75,0.15,0.918863226,0.05,0,0.92185331,0.707641764,0.48825,0,3.75,4.25,0.967117988,0.047629202,0.015231596,0.00596966,19.39823828,250,0.04472046,3.26E-05,13,4.219832,1.8239612,7.254512,2.2793777,-2.5056757,0.17528314,0.008121452,0.181515936,0
IDH1,4,3,0,0,544,4,0,0,2,0,4,3,550,554,1245,0.026819923,0.011494253,0,0.957854406,0.885057471,0.089227645,0,0,0.130545313,0.416682571,0.815333333,0.003831418,31.25,31.75,0.881057269,0,0,2.40E-09,17.99018764,539,0.0167467,0.000129593,50,1.3679118,0.34848286,2.8196266,0.23043985,-3.530197,0.43699634,0.01904092,0.997614743,1
MPL,2,2,0,0,86,9,0,0,2,0,2,2,97,94,1908,0.352941176,0.147058824,0,0.5,0,1,0,0,0.921319613,0.962496746,0.310705882,0,1.307692308,1.692307692,0.169894665,1,0.834724541,0.98552045,20.05367271,252,0.02706787,1.54E-06,5,2.1634344,2.1681754,5.988968,2.3999117,-4.53125,1.0765118,0.180478485,89.62389534,1
SMEK2,12,3,1,0,113,7,0,0,5,0,13,3,125,123,2550,0.139534884,0.023255814,0.069767442,0.720930233,0,1,0.046511628,0,0.933528411,0.489647377,0.566534884,0,4.428571429,5.285714286,0.407830343,1,0.249003984,0.595190832,19.18762778,382,0.02524887,3.72E-05,27,2.7815985,1.5887836,5.716856,1.6135491,-4.8109334,0.7355348,0.007348179,0.148600294,0
ALK,11,3,2,0,340,24,0,0,9,0,13,3,373,324,4863,0.233128834,0.036809816,0.012269939,0.693251534,0.141104294,0.894802935,0.012269939,0.012269939,0.891227304,0.582521797,0.521141104,0,2.897435897,3.205128205,0.714796283,0,0.00025,5.20E-08,17.62541206,882,0.01878041,0.000155371,62,2.2365691,1.32537205,5.357647,1.1806043,-5.073689,0.9052727,0.02481353,1.69691897,1
U2AF1,0,0,3,0,74,1,0,0,0,0,3,0,75,77,723,0.081081081,0.027027027,0,0.891891892,0.567567568,0.445897561,0,0,0.511082874,0.261701099,0.758432432,0,8.25,8.5,0.885739593,0,0,2.40E-09,19.39085916,279,0.05882527,0.000180799,114,0.082066696,1.810945,5.4448053,1.11986585,-5.5745207,1.9335944,0.00641939,0.113400504,1
RIMS4,0,0,0,0,69,3,0,0,2,0,0,0,74,72,813,0.23255814,0,0,0.744186047,0,1,0.023255814,0,0.974285279,0.522337494,0.43744186,0,2.909090909,3,1,1,0.061023982,0.231676838,19.84658902,168,0.04011481,3.60E-06,4,5.4372847,1.5908167,7.679392,1.8520067,-1.725,0.092721166,0.054151754,17.69473854,0
BHLHB9,7,3,1,0,101,6,0,0,0,0,8,3,107,111,1644,0.275,0,0,0.7,0,1,0.025,0,0.981209818,1.353366538,0.191075,0,2.333333333,2.416666667,1,1,0.931098696,0.997569829,17.313999,442.7397812,0.02672958,4.02E-07,3,0.9253113,0.5703025,2.0196775,0.4404628,-2.7756363,0.8449263,0.052600579,7.616278786,0
ZAR1L,2,1,0,0,27,2,0,0,0,0,2,1,29,32,966,0.5,0,0,0.5,0,1,0,0,1,1.590164078,0.05575,0,0.666666667,0.666666667,1,1,0.740740741,0.963040439,19.31298702,442.7397812,0.020143467,0,0,-2.9240323,1.08866105,0.8380646,0.0676103,-6.686129,1.8534975,0.054151754,17.69473854,0
UCMA,0,0,0,0,40,3,0,0,2,0,0,0,45,38,417,0.5,0.1,0,0.4,0,1,0,0,1,0.782409497,0.3062,0,0.666666667,0.833333333,0.722021661,1,0.809061489,0.980485727,17.90934817,354,0.03462943,0,1,-0.63033337,2.0036956,4.3295916,1.0313637,-6.558049,2.5590632,0.054151754,17.69473854,0
DNMT3A,18,4,0,0,190,18,0,0,8,0,18,4,216,210,2739,0.124087591,0.087591241,0.02919708,0.686131387,0.262773723,0.745644346,0.072992701,0,0.704937313,0.369699015,0.708255474,0,5.222222222,6.666666667,0.0003,0,0,2.40E-09,18.33275076,286,0.04312737,0.000315464,52,1.5887225,1.1952246,4.4644587,0.9743369,-4.861143,1.095402,0.081801736,18.41057518,1
CDKN2A,51,17,14,1,168,138,0,0,36,0,66,21,338,401,504,0.027027027,0.439189189,0.074324324,0.304054054,0.101351351,0.855242395,0.135135135,0.02027027,0.360181535,0.773843109,0.87197973,0,9,28.8,0,0.00176,0.65703,0.008976306,17.78215679,357,-0.01478296,0.000959249,141,-9.526168,5.4993197,4.1098014,1.0715139,-21.875146,6.304562,0.031154981,2.670945133,1
PDGFRA,5,1,4,0,329,20,0,0,10,0,10,1,358,285,3270,0.19858156,0.04964539,0.021276596,0.70212766,0.042553191,0.985510157,0.007092199,0.021276596,0.934121444,0.661249632,0.511453901,0,3.413793103,3.896551724,0.497017893,0.56165,0.00652,0.024204654,15.65011101,518,0.02673092,0.000132803,29,7.679554,24.739936,17.273459,38.681155,-6.236519,1.2983766,0.056863296,8.897211422,1
HPS6,8,4,0,0,82,6,0,0,0,0,8,4,88,93,2328,0.242424242,0.121212121,0,0.636363636,0,1,0,0,0.939927314,1.013552433,0.335181818,0,2.333333333,2.777777778,0.25025025,1,0.716332378,0.955308742,19.95820435,187,0.03822902,1.79E-06,6,-4.2450495,1.5116748,1.2546,0.07481106,-9.6368626,2.3419913,0.005587046,0.085906258,0
RAD21,5,1,3,0,125,10,0,0,3,0,10,1,136,129,1896,0.086956522,0.086956522,0.02173913,0.739130435,0,1,0.065217391,0,0.897671576,0.453502188,0.620695652,0,6.8,8.4,0.237529691,1,0.164365549,0.461154236,18.88050964,426,0.01785214,0.002194879,248,9.005903,4.817058,13.104655,5.2251313,-3.5212677,1.5141653,0.011494894,0.363617498,0
EDC3,4,0,0,0,50,5,0,0,3,0,4,0,58,61,1527,0.291666667,0.083333333,0,0.625,0,1,0,0,0.981824642,0.568576157,0.400166667,0,1.875,2.125,0.395256917,1,0.622665006,0.917650446,19.27644182,206,0.0508516,7.50E-05,25,0.8247541,1.4729196,4.6394594,1.262219,-5.05625,1.2491798,0.054151754,17.69473854,0
KDM5C,20,8,4,1,202,21,0,0,6,1,25,10,228,218,4683,0.131147541,0.114754098,0.016393443,0.549180328,0,1,0.163934426,0.024590164,0.760070725,0.514077929,0.670114754,0,3.941176471,6.235294118,0.00066,1,0.00029,0.002652233,19.74255731,442.7397812,0.08033672,9.74E-05,28,0.10689453,0.9386451,1.5955063,0.4536971,-5.52757,2.390659,0.054151754,17.69473854,1
TMEM194B,0,0,0,0,28,1,0,0,0,0,0,0,29,25,1254,0,0,0,1,0,1,0,0,1,2.141149283,0.092,0,1,1,1,1,0.4361099,0.798020499,19.31298702,442.7397812,0.020143467,0,0,0.6383929,0.14204807,1.3663043,0.1297042,-2.7099999,0.06789422,0.054151754,17.69473854,0
NF1,105,37,7,0,407,222,0,0,83,0,124,40,697,633,8520,0.08361204,0.254180602,0.080267559,0.411371237,0,1,0.160535117,0.010033445,0.558452883,0.370766946,0.8100301,0,4.730769231,10.53846154,0,1,1,1,18.81893381,396,0.02610505,8.03E-05,26,-2.6765268,2.8995942,4.235578,0.8312136,-12.529743,4.1992035,0.02634579,1.909802062,1
SART3,3,1,0,0,123,13,1,0,4,0,3,1,141,126,2892,0.344827586,0.034482759,0,0.586206897,0,1,0.034482759,0,0.985803667,0.850352651,0.336724138,0,1.545454545,1.727272727,0.848896435,1,0.639386189,0.925349515,18.73937189,399,0.04008922,0.000385521,85,0.7802817,0.69212476,3.225684,0.5720987,-4.1625533,0.57437574,0.009538582,0.250373933,0
CDC42BPB,13,4,1,0,218,23,0,0,3,0,14,5,243,223,5136,0.321428571,0.05952381,0.011904762,0.55952381,0,1,0.035714286,0.011904762,0.94686828,0.815227541,0.358059524,0,1.678571429,2.035714286,0.564334086,1,0.968054211,0.999484211,19.6529456,286,0.04258927,8.78E-06,13,-1.411378,1.722482,3.3366222,0.73079085,-8.2039714,2.363877,0.009678157,0.257812533,0
IFNA2,2,0,0,0,41,2,1,0,0,0,2,0,44,41,567,0.142857143,0,0,0.785714286,0,1,0.071428571,0,1,1.315244635,0.288285714,0,3.666666667,4,1,1,0.081056983,0.284720992,17.82472572,466,-0.01387681,4.52E-06,6,-2.4019102,1.4880703,2.4387931,0.4049153,-11.45871,2.2950424,0.054151754,17.69473854,0
PCMTD2,5,0,3,0,63,6,1,0,1,0,8,0,71,74,1086,0.291666667,0,0.041666667,0.625,0,1,0,0.041666667,1,0.660348304,0.4545,0,1.875,2.125,0.78125,1,0.435919791,0.797862693,19.31298702,442.7397812,0.020143467,8.26E-06,10,1.351718723,2.259599723,5.608432309,2.003830228,-6.0735363,1.59042228,0.006876166,0.130116857,0
PQLC3,2,0,0,0,29,1,0,0,1,0,2,0,31,30,609,0.333333333,0,0,0.666666667,0,1,0,0,1,0.96135428,0.28575,0,1.6,1.6,1,1,0.632511069,0.922237545,18.90570077,255,0.024514,0,0,2.7866153,0.58484115,4.3095745,0.72169905,-1.19,0.017360706,0.005087877,0.071235962,0
DOK2,2,1,0,0,62,4,0,0,0,0,2,1,66,63,1239,0.27027027,0,0,0.675675676,0,1,0.054054054,0,0.979247706,1.182156443,0.28827027,0,2.272727273,2.454545455,1,1,0.271665308,0.625695315,18.61800473,470,0.01213418,6.54E-05,24,-0.68683825,4.1530695,6.92988,2.8510608,-12.614906,3.909955,0.153056374,64.46103392,0
TP53,407,128,79,12,2801,553,0,0,291,1,506,150,3616,3886,1182,0.01461039,0.133928571,0.060876623,0.659902597,0.259334416,0.765272209,0.112012987,0.017857143,0.457132217,0.488903798,0.901415584,0.000811688,43.94594595,65.62162162,0,0.97565,0,0.000122323,20.98089752,213,0.03424378,0.016504619,833,-9.691332,4.984381,3.4515716,0.842312,-21.832244,5.741345,0.040535188,4.518125418,1
C11orf72,0,0,0,0,19,2,0,0,0,0,0,0,21,20,756,0,0,0,1,0,1,0,0,1,2.210525402,0.168,0,2,2,1,1,0.132696391,0.400702168,19.31298702,442.7397812,0.020143467,0,0,-0.64581395,0.71949256,3.1790476,0.3050453,-4.2968184,0.8625243,0.054151754,17.69473854,0
DLGAP3,17,2,1,0,179,10,0,0,2,0,18,2,191,192,2940,0.443037975,0.025316456,0,0.481012658,0,1,0.037974684,0.012658228,0.968655257,0.655209131,0.308658228,0,1.055555556,1.222222222,0.722543353,1,0.975609756,0.99970011,19.20400294,534,0.02765677,6.50E-06,8,1.8991366,1.7799405,5.361805,1.8971836,-4.952,0.8482499,0.054151754,17.69473854,0
EFNA3,0,0,0,0,28,3,0,0,0,0,0,0,31,30,717,0.285714286,0,0.142857143,0.571428571,0,1,0,0,1,0.753837495,0.387142857,0,1.333333333,1.666666667,0.428816467,1,0.729927007,0.959715868,20.69431707,214,0.04370952,5.03E-06,6,7.043607,3.0269124,10.326087,3.3484098,-3.0226666,0.7700337,0.070478775,13.66861933,0
RNF43,125,12,3,0,139,30,0,0,6,0,128,12,175,266,2352,0.215384615,0.138461538,0.030769231,0.538461538,0.046153846,0.973514051,0.076923077,0,0.824360196,0.804083604,0.475061538,0,2.333333333,3.4,0.0009,0.182882224,0.509326993,0.314238171,19.57705849,399,0.02221837,9.47E-06,17,0.04978406,2.2412213,4.8175722,2.0072468,-6.39418,1.8412499,0.048177522,6.386636542,1
DNMT1,7,3,2,0,231,8,0,0,7,0,10,3,245,205,4899,0.252631579,0,0,0.715789474,0,1,0.031578947,0,0.985972795,0.694419144,0.3612,0,2.72,2.84,1,1,0.112523911,0.35834247,20.69917337,200,0.02303083,0.000299962,80,-0.12289158,1.1326351,4.07896,1.1879,-4.358629,0.7226674,0.014147814,0.5507496,1
FBXW7,35,19,2,2,351,103,0,0,10,0,42,22,458,465,2124,0.051136364,0.159090909,0.005681818,0.732954545,0.397727273,0.686749489,0.039772727,0.011363636,0.627198475,0.318759651,0.843153409,0,12.9,16.7,0.055735147,0,0,2.40E-09,16.83978445,501,0.05094051,0.00082627,96,-3.7225153,2.3643741,2.8739592,1.0268511,-10.18706,2.8338037,0.014903167,0.611023086,1
PIK3R1,41,27,97,22,155,77,0,0,44,0,158,53,252,384,2175,0.043859649,0.052631579,0.035087719,0.359649123,0.153508772,0.850113029,0.188596491,0.320175439,0.48901655,0.410847419,0.856403509,0,7.454545455,19.81818182,0.00049,0,0.00018,3.80E-08,15.58046469,619,0.03218191,0.001518353,136,-1.719216,1.781872,3.0060912,0.64294185,-8.523142,2.6414717,0.194389988,103.9546879,1
JAK1,55,24,3,0,166,29,0,0,11,0,58,24,206,220,3465,0.188405797,0.115942029,0.028985507,0.579710145,0,1,0.072463768,0.014492754,0.860960851,0.666013054,0.564623188,0,2.857142857,4,0.015196414,1,0.537923615,0.871457078,18.03957239,396,-0.005437463,0.000472431,78,-1.4780287,1.0319884,1.636715,0.18101033,-6.4849064,1.998639,0.196597898,106.338223,1
BCOR,35,13,1,0,317,46,0,0,5,0,36,14,367,350,5268,0.222222222,0.138888889,0.013888889,0.548611111,0.111111111,0.871485603,0.076388889,0,0.77097137,0.571075697,0.477423611,0,2.393939394,3.393939394,0,0,0.98465,0.000123361,18.52490934,442.7397812,0.0421931,2.87E-05,34,0.4058025,0.4165208,1.32678095,0.31841495,-4.0400717,0.65551763,0.168805501,78.39683392,1
KMT2C,113,38,7,1,879,222,1,0,38,1,122,39,1139,918,14736,0.116959064,0.175438596,0.032163743,0.532163743,0,1,0.134502924,0.00877193,0.714270738,0.774305249,0.58030117,0,4.43902439,7.365853659,0,1,0.939849624,0.998153563,17.99576108,616,0.01604219,1.70E-05,20,3.636114,3.0478373,8.114223,2.7630845,-6.7575954,2.1655,0.054151754,17.69473854,1
ARID2,62,9,3,1,314,108,0,0,24,0,68,11,442,407,5508,0.115606936,0.25433526,0.057803468,0.473988439,0.01734104,0.990879126,0.098265896,0,0.655271229,0.511596585,0.698352601,0,3.904761905,7.285714286,0,0.722543353,0.986271676,0.954061986,19.64666488,602,0.01035756,4.17E-06,20,1.1563566,2.2530789,4.8483994,2.2352992,-6.0068376,1.514256,0.054151754,17.69473854,1
RAB24,0,0,0,0,33,1,0,0,5,0,0,0,39,38,612,0.2,0.066666667,0.066666667,0.666666667,0,1,0,0,0.931744527,0.813500815,0.447666667,0,2.5,3,0.309214595,1,0.865800866,0.990563068,19.84539296,227,0.0534099,6.29E-07,5,0.10328945,1.3124004,4.242826,0.9278879,-6.244,1.2657311,0.054151754,17.69473854,0
MTURN,0,1,0,0,16,1,0,0,0,0,0,1,17,18,396,0.375,0,0,0.625,0,1,0,0,0.916666667,0.610006034,0.399125,0,1.25,1.25,1,1,0.287108814,0.645390178,19.32541373,411,0.03074257,3.05E-06,2,2.1837499,1.5966682,5.9961904,1.3835072,-5.0945453,1.2947191,0.054151754,17.69473854,0
PPP2R1A,3,1,1,0,212,2,0,0,4,0,4,1,218,208,1770,0.195121951,0.024390244,0.024390244,0.731707317,0.317073171,0.76836982,0.012195122,0,0.805104799,0.368695315,0.642304878,0.012195122,3.529411765,3.882352941,0.239520958,0,0,2.40E-09,18.86728658,896,-0.03843337,0.002130138,205,1.0674246,2.3863167,7.2008654,2.340139,-6.0167,1.5106252,0.054151754,17.69473854,1
KRTAP4-5,0,0,0,0,21,6,0,0,0,0,0,0,27,26,546,0.25,0.0625,0,0.625,0.1875,0.856863624,0,0.0625,0.894454883,0.863808537,0.38775,0,2,2.4,0.810372771,0.00346,0.3989,0.010469505,19.92694324,468,-0.006812982,0,0,0.62420005,1.5402029,4.9810346,0.61239596,-5.3923808,2.2608116,0.054151754,17.69473854,0
NFE2L2,2,3,13,1,265,10,0,0,0,0,15,4,275,272,1818,0.017241379,0.034482759,0,0.913793103,0.706896552,0.632924034,0.00862069,0.025862069,0.645331091,0.396714501,0.7655,0,35.33333333,38,0.801924619,0,0,2.40E-09,18.50610532,145,0.03587147,0.000310896,63,3.615955,1.9300565,6.7553475,2.0492552,-4.6175472,0.68611824,0.01382663,0.525995716,1
CTNNB1,10,0,10,1,440,10,0,0,5,0,21,2,453,423,2346,0.06763285,0.014492754,0.004830918,0.888888889,0.657004831,0.543800012,0.009661836,0.014492754,0.583967477,0.262396881,0.731024155,0,12.26666667,12.86666667,1,0,0,2.40E-09,18.22228172,448,0.007941789,0.005164634,276,-0.54791174,1.1546376,3.3379532,0.7657488,-6.366263,1.17441155,0.01204133,0.398893685,1
COQ3,0,1,0,0,50,5,1,0,2,0,0,2,57,59,1110,0.076923077,0,0.076923077,0.846153846,0,1,0,0,1,0.972883359,0.495692308,0,5.5,6,0.601684717,1,0.117000117,0.368033268,17.98513705,638,0.01257448,2.67E-07,4,-1.4866372,2.1744538,3.1189473,0.727552,-10.9467566,3.8816396,0.009349593,0.24056145,0
